id,loan_amnt,term,int_rate,installment,grade,emp_length,home_ownership,annual_inc,verification_status,purpose,dti,delinq_2yrs,earliest_cr_line,open_acc,pub_rec,fico_range_high,fico_range_low,revol_bal,revol_util
54097739,9800, 36 months,7.8,306.6,A,7 years,OWN,50000.0,Source Verified,debt_consolidation,33.73,0.0,1998-09-01,11.0,0.0,744,740,8069,31.0
38479328,6000, 36 months,7.4,186.61,A,5 years,RENT,65000.0,Source Verified,credit_card,10.08,0.0,1994-11-01,9.0,1.0,699,695,4867,33.0
85481549,35000, 60 months,24.4,1016.86,E,10+ years,RENT,70000.0,Source Verified,other,10.68,1.0,1990-03-01,6.0,0.0,679,675,14993,69.0
33181666,12000, 36 months,8.6,379.76,B,1 year,RENT,63000.0,Source Verified,debt_consolidation,22.99,0.0,2003-09-01,17.0,0.0,674,670,10751,69.0
52016730,16000, 36 months,13.3,541.65,C,8 years,MORTGAGE,90000.0,Not Verified,debt_consolidation,4.49,0.0,2000-07-01,13.0,1.0,689,685,10958,37.0
72235609,18000, 36 months,7.8,563.15,A,10+ years,MORTGAGE,120000.0,Source Verified,debt_consolidation,25.48,0.0,1998-12-01,29.0,0.0,694,690,24962,31.0
22111464,14000, 36 months,7.6,436.71,A,4 years,RENT,100000.0,Not Verified,debt_consolidation,19.91,1.0,1999-01-01,9.0,0.0,714,710,39787,68.0
137616497,10000, 36 months,6.1,304.72,A,3 years,RENT,100000.0,Not Verified,debt_consolidation,8.93,0.0,2001-11-01,8.0,0.0,779,775,9343,19.0
56925226,6375, 36 months,6.8,196.53,A,4 years,MORTGAGE,50460.0,Not Verified,credit_card,13.86,0.0,2008-05-01,7.0,0.0,724,720,6496,42.0
43639723,12000, 36 months,11.5,395.89,B,1 year,RENT,33000.0,Not Verified,debt_consolidation,21.42,0.0,2003-08-01,8.0,0.0,689,685,10755,66.0
51416725,6000, 36 months,8.1,188.52,B,1 year,RENT,35000.0,Not Verified,credit_card,9.05,0.0,2006-09-01,6.0,0.0,674,670,5149,84.0
75172122,33800, 36 months,18.2,1226.2,D,,OWN,87000.0,Source Verified,debt_consolidation,33.68,1.0,2001-02-01,11.0,0.0,674,670,17176,82.0
97202587,11525, 36 months,11.3,379.45,B,2 years,MORTGAGE,145000.0,Source Verified,debt_consolidation,26.09,0.0,2008-08-01,24.0,1.0,684,680,8595,30.0
121442254,16100, 36 months,16.0,566.19,C,4 years,MORTGAGE,35000.0,Verified,debt_consolidation,7.44,0.0,1998-12-01,2.0,0.0,719,715,8053,79.0
72782980,18000, 36 months,19.5,664.65,D,7 years,MORTGAGE,104000.0,Verified,credit_card,24.14,0.0,2008-10-01,44.0,1.0,664,660,19616,36.0
78839430,7000, 36 months,12.9,235.83,C,4 years,MORTGAGE,31000.0,Source Verified,debt_consolidation,8.05,0.0,2002-11-01,5.0,0.0,669,665,6837,84.0
74834282,5000, 36 months,9.7,160.75,B,2 years,OWN,42000.0,Source Verified,debt_consolidation,17.66,0.0,2010-03-01,7.0,0.0,689,685,5983,47.0
1159635,30000, 36 months,17.9,1084.43,D,9 years,MORTGAGE,93000.0,Verified,wedding,21.35,0.0,1996-05-01,15.0,0.0,704,700,32167,46.0
1140160,35000, 60 months,20.8,944.71,F,< 1 year,OWN,150000.0,Verified,debt_consolidation,10.55,0.0,1986-10-01,8.0,0.0,679,675,27377,79.0
21951231,16000, 60 months,18.2,408.39,D,3 years,RENT,84000.0,Source Verified,debt_consolidation,11.81,0.0,2003-06-01,11.0,0.0,674,670,24181,84.0
71946142,3775, 36 months,16.2,133.26,D,3 years,RENT,57000.0,Source Verified,moving,18.61,0.0,2003-08-01,26.0,0.0,684,680,2051,28.0
13458511,14000, 60 months,13.6,323.23,C,5 years,MORTGAGE,50000.0,Source Verified,debt_consolidation,11.26,0.0,1976-11-01,12.0,0.0,709,705,21078,68.0
76467152,17000, 36 months,15.3,591.9,C,,MORTGAGE,45800.0,Verified,debt_consolidation,30.4,0.0,2004-06-01,11.0,0.0,684,680,5645,55.0
31647788,28975, 36 months,8.3,913.2,A,3 years,OWN,58000.0,Verified,credit_card,27.52,0.0,1977-09-01,15.0,0.0,729,725,50056,32.0
68517824,19300, 36 months,12.8,649.18,C,< 1 year,RENT,60000.0,Not Verified,debt_consolidation,26.4,4.0,2000-08-01,14.0,0.0,689,685,6602,17.0
79562572,5600, 36 months,9.1,178.5,B,2 years,RENT,72600.0,Not Verified,debt_consolidation,33.47,0.0,2004-08-01,22.0,0.0,689,685,12499,39.0
86543453,5000, 36 months,8.5,158.05,A,3 years,OWN,45000.0,Verified,credit_card,18.91,0.0,2002-08-01,12.0,0.0,814,810,4673,7.0
447596,10000, 36 months,12.1,333.0,B,5 years,RENT,60000.0,Not Verified,car,2.82,0.0,2000-08-01,6.0,0.0,714,710,1250,5.0
109788152,5000, 36 months,12.6,167.56,C,1 year,RENT,52000.0,Source Verified,debt_consolidation,26.01,0.0,2010-03-01,7.0,1.0,689,685,3781,47.0
134995437,8000, 36 months,14.0,273.54,C,10+ years,MORTGAGE,135000.0,Verified,credit_card,12.12,1.0,2004-02-01,8.0,0.0,674,670,9721,57.0
75428019,25000, 36 months,5.3,752.87,A,5 years,MORTGAGE,80000.0,Not Verified,credit_card,19.11,0.0,1999-10-01,19.0,0.0,719,715,36182,47.0
4528746,3000, 36 months,15.3,104.46,C,1 year,RENT,20000.0,Not Verified,major_purchase,29.1,0.0,1986-08-01,7.0,0.0,714,710,12947,79.0
55070540,29550, 36 months,12.6,991.25,C,10+ years,MORTGAGE,85000.0,Source Verified,debt_consolidation,22.27,0.0,1995-10-01,12.0,0.0,674,670,16927,51.0
64998633,28000, 36 months,7.2,867.9,A,2 years,RENT,190000.0,Verified,debt_consolidation,26.31,0.0,2004-11-01,14.0,0.0,709,705,48567,73.0
60655803,10000, 36 months,14.6,344.95,C,10+ years,RENT,50000.0,Source Verified,debt_consolidation,14.5,0.0,1992-07-01,23.0,0.0,669,665,19217,38.0
118559599,10000, 36 months,9.9,322.35,B,1 year,MORTGAGE,80000.0,Not Verified,credit_card,15.98,0.0,1994-10-01,9.0,1.0,724,720,13813,37.0
113865247,2000, 36 months,9.9,64.47,B,3 years,RENT,42000.0,Verified,debt_consolidation,13.43,0.0,2010-11-01,6.0,0.0,664,660,1895,48.0
77249288,25000, 36 months,10.7,815.52,B,6 years,RENT,90000.0,Verified,debt_consolidation,27.19,0.0,2005-10-01,13.0,0.0,709,705,18298,45.0
34313495,10000, 36 months,8.6,316.47,B,1 year,RENT,50000.0,Source Verified,debt_consolidation,30.3,2.0,1993-10-01,7.0,0.0,664,660,8055,89.0
3805572,24000, 36 months,7.0,750.97,A,3 years,MORTGAGE,104000.0,Verified,debt_consolidation,13.25,0.0,1999-11-01,11.0,0.0,699,695,32701,82.0
93779991,3000, 36 months,11.3,98.78,B,,RENT,85000.0,Not Verified,debt_consolidation,1.43,0.0,2011-04-01,13.0,0.0,749,745,2757,4.0
91515266,24000, 36 months,13.9,820.15,C,1 year,RENT,68000.0,Source Verified,debt_consolidation,26.09,0.0,2005-04-01,11.0,0.0,694,690,31279,68.0
77299242,24000, 36 months,6.4,735.47,A,10+ years,MORTGAGE,90000.0,Not Verified,debt_consolidation,19.92,0.0,1999-02-01,23.0,0.0,759,755,11898,9.0
14599618,24125, 60 months,16.5,594.27,D,8 years,RENT,55000.0,Source Verified,debt_consolidation,15.88,0.0,1992-09-01,10.0,0.0,704,700,14850,72.0
138048104,6025, 36 months,15.0,208.92,C,5 years,RENT,38000.0,Not Verified,debt_consolidation,15.73,0.0,2003-06-01,5.0,0.0,684,680,5077,72.0
135658336,28000, 36 months,8.0,878.46,A,5 years,MORTGAGE,240000.0,Source Verified,credit_card,11.05,0.0,2000-09-01,9.0,0.0,709,705,32751,68.0
69515622,5000, 36 months,7.9,156.48,A,5 years,RENT,61500.0,Verified,debt_consolidation,12.39,1.0,2000-02-01,5.0,0.0,674,670,2615,56.0
7004642,20000, 36 months,21.1,755.05,E,10+ years,MORTGAGE,110000.0,Verified,debt_consolidation,22.18,0.0,1995-05-01,19.0,0.0,669,665,28827,92.0
76341827,6000, 36 months,10.7,195.73,B,3 years,MORTGAGE,68000.0,Not Verified,other,22.8,0.0,2005-10-01,25.0,0.0,784,780,588,1.0
99243679,30000, 60 months,15.9,729.39,C,< 1 year,RENT,85000.0,Source Verified,debt_consolidation,17.15,0.0,2006-09-01,13.0,2.0,669,665,7576,60.0
1466116,14000, 36 months,8.0,444.55,A,6 years,MORTGAGE,88000.0,Not Verified,credit_card,12.37,0.0,1988-04-01,7.0,0.0,744,740,36252,37.0
88155524,4000, 36 months,13.4,135.73,C,< 1 year,OWN,60000.0,Source Verified,debt_consolidation,5.44,0.0,2007-01-01,6.0,0.0,669,665,4784,43.0
114139625,10000, 36 months,7.9,313.23,A,10+ years,MORTGAGE,70000.0,Source Verified,credit_card,26.97,1.0,2000-05-01,15.0,0.0,684,680,30721,56.0
111695213,4800, 36 months,10.4,155.84,B,2 years,MORTGAGE,110000.0,Source Verified,credit_card,17.01,0.0,2004-05-01,33.0,0.0,694,690,9703,25.0
36980114,28000, 36 months,11.4,922.53,B,10+ years,OWN,105000.0,Source Verified,debt_consolidation,24.87,0.0,1988-11-01,10.0,0.0,694,690,139812,67.0
129834869,6100, 36 months,13.5,207.25,C,4 years,MORTGAGE,35000.0,Source Verified,debt_consolidation,17.64,0.0,2010-01-01,7.0,0.0,674,670,3121,16.0
85921598,11200, 36 months,8.9,356.11,B,6 years,MORTGAGE,62000.0,Verified,debt_consolidation,20.6,1.0,2008-05-01,12.0,0.0,699,695,7619,16.0
20889295,12000, 60 months,16.2,293.67,D,3 years,MORTGAGE,50000.0,Source Verified,credit_card,31.66,0.0,2001-09-01,24.0,0.0,689,685,19648,45.0
36290352,35000, 60 months,24.0,1017.07,F,10+ years,MORTGAGE,75000.0,Verified,debt_consolidation,30.83,0.0,2002-03-01,9.0,0.0,709,705,26551,80.0
119199762,5000, 36 months,16.0,175.84,C,6 years,MORTGAGE,38000.0,Verified,other,30.26,0.0,2010-10-01,17.0,0.0,669,665,17467,57.0
63446744,3200, 36 months,11.5,105.57,B,10+ years,RENT,95000.0,Verified,debt_consolidation,32.75,0.0,1994-07-01,14.0,0.0,684,680,27392,89.0
46843572,10000, 60 months,16.5,246.12,D,10+ years,MORTGAGE,60000.0,Not Verified,debt_consolidation,11.42,1.0,2002-08-01,7.0,1.0,684,680,3774,49.0
81494013,32500, 36 months,21.4,1232.64,D,10+ years,RENT,65000.0,Source Verified,small_business,4.01,1.0,2004-12-01,12.0,0.0,669,665,9881,51.0
57892445,19000, 36 months,11.5,626.82,B,10+ years,MORTGAGE,55000.0,Source Verified,home_improvement,18.11,0.0,2001-11-01,10.0,0.0,719,715,5947,28.0
65904724,18000, 36 months,7.2,557.94,A,10+ years,MORTGAGE,70000.0,Not Verified,debt_consolidation,16.64,0.0,2003-10-01,8.0,0.0,709,705,18456,55.0
43195512,15300, 60 months,11.5,336.72,B,10+ years,MORTGAGE,54000.0,Not Verified,debt_consolidation,17.11,0.0,1991-05-01,19.0,0.0,709,705,19271,44.0
93177284,35000, 36 months,22.7,1350.11,E,8 years,RENT,95000.0,Source Verified,debt_consolidation,25.73,0.0,2013-08-01,17.0,0.0,694,690,28331,45.0
98377145,9800, 36 months,10.4,318.48,B,1 year,RENT,60000.0,Source Verified,credit_card,30.22,0.0,2007-05-01,9.0,0.0,694,690,6564,88.0
38559562,8400, 36 months,9.4,269.04,B,2 years,MORTGAGE,100000.0,Not Verified,credit_card,14.67,0.0,2004-11-01,21.0,0.0,684,680,15448,63.0
57154733,20000, 36 months,10.9,654.68,B,< 1 year,RENT,190000.0,Not Verified,major_purchase,13.41,0.0,2006-02-01,11.0,0.0,739,735,30379,69.0
51876197,12000, 60 months,14.6,283.28,C,8 years,MORTGAGE,65000.0,Source Verified,debt_consolidation,6.74,0.0,1980-01-01,6.0,0.0,689,685,6099,35.0
65866135,15000, 36 months,10.6,488.53,B,< 1 year,RENT,120000.0,Source Verified,debt_consolidation,3.92,0.0,2007-11-01,7.0,0.0,704,700,15590,36.0
76224668,11000, 60 months,19.9,291.38,E,4 years,MORTGAGE,50000.0,Not Verified,credit_card,20.25,0.0,2011-08-01,8.0,0.0,714,710,12731,35.0
61622446,27000, 60 months,17.5,679.33,D,10+ years,RENT,65000.0,Source Verified,debt_consolidation,23.52,0.0,2000-11-01,8.0,0.0,714,710,20058,93.0
5798798,14000, 36 months,10.1,452.8,B,3 years,MORTGAGE,50000.0,Not Verified,credit_card,26.84,0.0,2002-07-01,18.0,0.0,694,690,14800,56.0
1281898,20000, 60 months,16.2,489.45,C,8 years,MORTGAGE,100000.0,Verified,debt_consolidation,15.22,0.0,1997-02-01,9.0,0.0,714,710,18430,73.0
92349849,7200, 36 months,12.7,241.7,C,7 years,OWN,60000.0,Source Verified,debt_consolidation,16.18,0.0,1998-09-01,11.0,0.0,684,680,22025,65.0
110259505,36000, 60 months,9.4,755.02,B,10+ years,MORTGAGE,140000.0,Not Verified,debt_consolidation,10.83,0.0,1993-09-01,14.0,0.0,744,740,30275,41.0
50839408,8000, 36 months,16.9,285.19,D,8 years,RENT,73000.0,Verified,debt_consolidation,21.35,0.0,2006-07-01,9.0,0.0,724,720,9425,41.0
12937570,13000, 60 months,25.8,388.38,G,3 years,MORTGAGE,103800.0,Verified,medical,17.06,0.0,1995-10-01,6.0,0.0,664,660,10818,88.0
26539427,16750, 60 months,22.9,472.1,F,2 years,MORTGAGE,42000.0,Not Verified,debt_consolidation,33.23,2.0,2007-10-01,22.0,0.0,664,660,20822,76.0
8805433,12000, 60 months,15.6,289.34,C,10+ years,MORTGAGE,50000.0,Verified,debt_consolidation,28.52,0.0,1991-08-01,20.0,0.0,674,670,11666,53.0
66603138,12000, 36 months,11.2,394.12,B,3 years,RENT,40000.0,Not Verified,debt_consolidation,32.39,2.0,2001-11-01,18.0,0.0,674,670,15500,37.0
51296885,8000, 36 months,13.9,273.39,C,,MORTGAGE,66000.0,Verified,home_improvement,14.8,0.0,1995-10-01,19.0,2.0,669,665,12877,65.0
84997132,35000, 60 months,12.7,792.61,C,3 years,RENT,115000.0,Verified,debt_consolidation,15.84,0.0,2005-02-01,9.0,0.0,774,770,0,0.0
38988172,10775, 36 months,14.3,369.89,C,3 years,OWN,30000.0,Not Verified,debt_consolidation,11.8,0.0,2007-02-01,15.0,0.0,684,680,10563,88.0
113617297,8000, 36 months,19.0,293.37,D,3 years,RENT,32000.0,Source Verified,credit_card,9.15,0.0,2014-03-01,4.0,0.0,679,675,8075,74.0
121452845,6000, 36 months,7.0,185.46,A,,MORTGAGE,30000.0,Verified,other,28.11,0.0,1976-02-01,15.0,0.0,839,835,1587,3.0
2944699,24000, 36 months,11.1,787.33,B,< 1 year,RENT,86000.0,Verified,debt_consolidation,18.28,0.0,1984-05-01,11.0,0.0,719,715,7806,47.0
121290594,4800, 36 months,7.2,148.68,A,3 years,MORTGAGE,50000.0,Verified,other,2.76,0.0,2005-08-01,8.0,0.0,709,705,0,0.0
7446548,12000, 36 months,10.9,392.81,B,10+ years,MORTGAGE,80000.0,Not Verified,debt_consolidation,5.22,0.0,2002-05-01,6.0,1.0,689,685,9306,55.0
129403840,23500, 60 months,18.4,602.52,D,4 years,MORTGAGE,70000.0,Verified,debt_consolidation,16.12,1.0,2005-03-01,10.0,1.0,699,695,13676,42.0
65353837,35000, 60 months,13.1,799.59,C,10+ years,MORTGAGE,110000.0,Source Verified,debt_consolidation,10.53,0.0,1990-06-01,18.0,0.0,734,730,38923,46.0
46305165,28000, 36 months,7.8,876.0,A,3 years,RENT,120000.0,Source Verified,credit_card,16.71,0.0,1998-05-01,12.0,0.0,694,690,34499,54.0
73945080,14000, 36 months,14.4,481.63,C,3 years,MORTGAGE,100880.0,Source Verified,debt_consolidation,14.7,0.0,2001-06-01,14.0,0.0,684,680,31880,82.0
47592447,28800, 60 months,19.5,755.36,E,10+ years,MORTGAGE,91000.0,Verified,debt_consolidation,21.23,0.0,2003-07-01,36.0,0.0,694,690,31387,34.0
19616285,35000, 60 months,20.0,931.19,E,10+ years,MORTGAGE,152000.0,Source Verified,debt_consolidation,22.49,0.0,1988-11-01,20.0,1.0,669,665,33931,75.0
48294222,30000, 36 months,6.6,921.93,A,9 years,MORTGAGE,125000.0,Verified,debt_consolidation,8.31,0.0,1997-05-01,10.0,0.0,764,760,3952,14.0
114488177,4000, 36 months,12.6,134.05,C,3 years,RENT,20000.0,Source Verified,credit_card,7.74,0.0,1997-11-01,6.0,0.0,664,660,3610,48.0
11436801,16250, 36 months,20.0,608.06,E,10+ years,RENT,90000.0,Verified,other,31.95,0.0,2000-11-01,13.0,1.0,669,665,4756,48.0
11384784,6000, 36 months,7.6,186.97,A,9 years,MORTGAGE,43000.0,Not Verified,credit_card,10.91,0.0,1999-08-01,5.0,0.0,689,685,2901,59.0
83729871,35000, 36 months,19.9,1300.55,D,10+ years,OWN,280000.0,Source Verified,debt_consolidation,7.46,0.0,2005-12-01,4.0,0.0,679,675,5968,99.0
16361735,10500, 60 months,18.2,268.01,D,2 years,OWN,24000.0,Source Verified,debt_consolidation,33.5,0.0,2002-09-01,11.0,0.0,709,705,7234,61.0
92105808,40000, 36 months,10.4,1299.91,B,5 years,MORTGAGE,150000.0,Verified,debt_consolidation,16.02,1.0,1984-10-01,7.0,0.0,694,690,13413,34.0
12326488,14500, 36 months,13.6,493.12,C,8 years,MORTGAGE,55000.0,Verified,debt_consolidation,22.32,0.0,2001-08-01,11.0,0.0,714,710,22411,83.0
28803156,25000, 60 months,11.6,551.96,B,2 years,MORTGAGE,70000.0,Source Verified,credit_card,18.55,0.0,1999-09-01,13.0,0.0,724,720,13806,31.0
66026548,12000, 36 months,6.8,369.93,A,2 years,RENT,56000.0,Verified,debt_consolidation,20.83,0.0,2001-07-01,15.0,0.0,734,730,6022,9.0
113040629,9000, 36 months,12.6,301.61,C,10+ years,RENT,46000.0,Source Verified,debt_consolidation,8.82,0.0,2003-03-01,8.0,0.0,689,685,7318,49.0
86553349,2000, 36 months,17.9,72.3,D,4 years,MORTGAGE,55000.0,Not Verified,credit_card,30.98,0.0,1989-07-01,16.0,1.0,674,670,15429,45.0
83624502,10000, 36 months,11.4,329.72,B,3 years,RENT,38000.0,Not Verified,debt_consolidation,16.65,0.0,1999-04-01,20.0,1.0,669,665,6902,21.0
84719981,4000, 36 months,8.5,126.44,A,3 years,MORTGAGE,60000.0,Not Verified,major_purchase,17.54,0.0,2009-06-01,10.0,0.0,739,735,8594,62.0
1240261,8000, 36 months,17.9,289.18,D,< 1 year,RENT,65000.0,Source Verified,car,7.87,0.0,2006-08-01,16.0,0.0,664,660,7261,68.0
54127304,7500, 36 months,11.5,247.43,B,1 year,RENT,40000.0,Verified,credit_card,9.3,0.0,2003-06-01,16.0,1.0,669,665,7277,29.0
756260,4000, 60 months,13.9,93.06,C,2 years,RENT,21996.0,Source Verified,other,0.55,0.0,2007-02-01,3.0,0.0,749,745,448,17.0
119696586,17500, 60 months,15.0,416.79,C,3 years,OWN,44575.0,Not Verified,credit_card,25.66,0.0,2005-06-01,31.0,0.0,704,700,15446,32.0
94065438,13000, 36 months,6.9,401.35,A,1 year,RENT,120000.0,Source Verified,medical,19.15,0.0,2002-10-01,14.0,0.0,724,720,12952,31.0
5336102,14000, 36 months,13.1,472.46,B,10+ years,MORTGAGE,110000.0,Not Verified,debt_consolidation,8.57,1.0,2001-01-01,11.0,0.0,674,670,17980,58.0
1111980,28000, 36 months,15.3,974.89,C,5 years,MORTGAGE,95000.0,Source Verified,debt_consolidation,2.89,0.0,1997-03-01,8.0,0.0,719,715,10258,24.0
70701575,28000, 36 months,7.3,869.57,A,10+ years,MORTGAGE,100000.0,Not Verified,debt_consolidation,22.5,0.0,2000-04-01,12.0,0.0,749,745,21026,56.0
91564330,31000, 36 months,8.2,974.87,B,6 years,MORTGAGE,145000.0,Verified,debt_consolidation,17.87,0.0,2005-06-01,18.0,0.0,724,720,19161,33.0
65915408,4000, 36 months,12.5,133.99,C,,MORTGAGE,46233.0,Source Verified,medical,23.36,0.0,1996-05-01,13.0,0.0,694,690,18839,87.0
34994586,25000, 36 months,7.4,777.55,A,10+ years,MORTGAGE,105000.0,Source Verified,debt_consolidation,15.54,0.0,1994-07-01,15.0,0.0,749,745,22800,51.0
44439792,10000, 36 months,14.6,344.95,C,10+ years,OWN,84500.0,Verified,home_improvement,28.72,0.0,2009-05-01,13.0,2.0,694,690,1754,28.0
28623307,17875, 60 months,18.9,463.59,E,10+ years,MORTGAGE,92000.0,Verified,debt_consolidation,21.58,0.0,2001-09-01,9.0,0.0,664,660,50300,98.0
69612521,7675, 36 months,14.4,264.04,C,8 years,RENT,32000.0,Source Verified,debt_consolidation,21.68,0.0,2000-04-01,6.0,2.0,664,660,6527,87.0
110790784,6000, 36 months,16.0,211.01,C,2 years,OWN,30000.0,Source Verified,other,25.04,2.0,1997-07-01,7.0,0.0,674,670,4478,31.0
112719520,15000, 36 months,16.0,527.51,C,4 years,MORTGAGE,76000.0,Verified,home_improvement,20.12,0.0,2003-08-01,20.0,0.0,674,670,41997,47.0
59162503,12000, 36 months,8.1,377.04,B,10+ years,RENT,40000.0,Not Verified,debt_consolidation,22.95,0.0,2000-03-01,12.0,1.0,709,705,8539,41.0
57378501,16500, 36 months,6.2,503.76,A,2 years,MORTGAGE,57100.0,Not Verified,credit_card,10.68,0.0,1997-01-01,28.0,0.0,714,710,21247,25.0
42571396,3325, 36 months,16.5,117.81,D,2 years,MORTGAGE,50000.0,Verified,home_improvement,15.43,0.0,2005-09-01,22.0,0.0,714,710,1354,32.0
110790595,12000, 60 months,16.0,291.95,C,7 years,MORTGAGE,50400.0,Verified,debt_consolidation,31.33,0.0,2007-03-01,17.0,0.0,729,725,20157,41.0
4528491,5500, 36 months,21.9,210.0,E,< 1 year,MORTGAGE,35000.0,Source Verified,other,16.22,0.0,1994-09-01,9.0,0.0,709,705,6390,44.0
104040864,19650, 36 months,19.9,730.17,D,,MORTGAGE,40000.0,Verified,debt_consolidation,27.12,0.0,2006-04-01,10.0,1.0,669,665,12600,60.0
1315625,5150, 36 months,10.7,167.98,B,3 years,MORTGAGE,24000.0,Not Verified,debt_consolidation,20.7,0.0,1997-12-01,6.0,0.0,689,685,2522,57.0
22473982,6600, 36 months,12.4,220.77,B,1 year,RENT,38000.0,Source Verified,debt_consolidation,21.23,0.0,2006-10-01,8.0,1.0,704,700,4505,27.0
119995245,15000, 36 months,15.0,520.35,C,3 years,RENT,85000.0,Source Verified,debt_consolidation,19.5,2.0,2008-03-01,8.0,0.0,669,665,12330,44.0
121342267,3000, 36 months,9.4,96.02,B,,MORTGAGE,25000.0,Not Verified,home_improvement,31.74,0.0,1989-12-01,10.0,0.0,694,690,7379,31.0
47907123,10000, 36 months,12.2,333.53,C,7 years,RENT,55000.0,Not Verified,credit_card,21.95,0.0,2002-11-01,15.0,0.0,674,670,15762,81.0
58400682,12000, 36 months,17.5,431.25,D,1 year,MORTGAGE,76000.0,Source Verified,credit_card,31.01,0.0,1991-01-01,13.0,0.0,699,695,42565,91.0
3366607,10000, 36 months,10.1,323.43,B,10+ years,MORTGAGE,110000.0,Not Verified,debt_consolidation,5.18,0.0,1993-12-01,11.0,0.0,714,710,20077,36.0
46786151,5400, 36 months,12.2,180.11,C,10+ years,RENT,43000.0,Verified,debt_consolidation,13.01,2.0,2002-07-01,7.0,0.0,674,670,2344,45.0
73763891,11200, 60 months,18.2,285.94,D,10+ years,MORTGAGE,100000.0,Not Verified,debt_consolidation,23.71,0.0,2001-11-01,11.0,0.0,679,675,14755,70.0
42181632,21000, 36 months,12.6,704.45,C,2 years,MORTGAGE,150000.0,Verified,debt_consolidation,29.22,0.0,1994-03-01,18.0,0.0,689,685,89366,89.0
36530685,20000, 36 months,12.9,673.79,C,2 years,MORTGAGE,71000.0,Source Verified,credit_card,28.6,0.0,1995-08-01,16.0,0.0,719,715,30873,79.0
6515335,6075, 36 months,17.5,218.29,D,1 year,RENT,21600.0,Not Verified,debt_consolidation,12.44,0.0,2008-02-01,5.0,0.0,679,675,7089,66.0
8981176,15900, 36 months,17.0,567.68,C,1 year,MORTGAGE,60000.0,Verified,debt_consolidation,18.53,0.0,1997-05-01,10.0,0.0,714,710,40398,68.0
38434778,14000, 36 months,7.4,435.43,A,4 years,MORTGAGE,45000.0,Not Verified,debt_consolidation,19.28,0.0,1998-09-01,9.0,1.0,684,680,2572,21.0
69362095,20000, 60 months,14.8,474.23,C,,MORTGAGE,50800.0,Not Verified,debt_consolidation,33.85,1.0,1966-04-01,17.0,0.0,674,670,23104,28.0
106212089,15600, 36 months,22.7,601.76,E,< 1 year,OWN,31200.0,Verified,debt_consolidation,7.0,0.0,2007-03-01,8.0,0.0,694,690,7423,40.0
60903190,10000, 36 months,14.6,344.95,C,8 years,MORTGAGE,75000.0,Source Verified,debt_consolidation,15.89,2.0,2002-08-01,7.0,0.0,674,670,1047,80.0
119238606,25000, 36 months,7.2,774.34,A,2 years,OWN,90000.0,Verified,debt_consolidation,17.26,0.0,1989-11-01,8.0,0.0,709,705,17006,30.0
70792424,30000, 36 months,6.9,925.91,A,10+ years,OWN,157000.0,Source Verified,credit_card,10.12,0.0,1998-11-01,11.0,0.0,749,745,33403,46.0
6597571,11500, 36 months,9.7,369.51,B,,RENT,75892.0,Verified,debt_consolidation,27.6,0.0,1999-12-01,14.0,0.0,704,700,23573,47.0
69922771,14400, 36 months,12.8,484.37,C,4 years,RENT,85000.0,Not Verified,credit_card,15.5,0.0,2002-04-01,14.0,1.0,664,660,17879,60.0
64320596,12000, 60 months,13.6,277.18,C,2 years,RENT,48000.0,Verified,debt_consolidation,13.43,0.0,1996-02-01,6.0,1.0,669,665,5190,37.0
87074395,16000, 60 months,13.4,368.08,C,6 years,MORTGAGE,135000.0,Not Verified,home_improvement,28.11,0.0,2001-06-01,17.0,0.0,664,660,7935,21.0
74695844,12900, 60 months,21.1,350.3,E,3 years,RENT,38000.0,Verified,debt_consolidation,22.96,0.0,2001-12-01,13.0,0.0,704,700,34701,71.0
7094483,21000, 36 months,7.6,654.39,A,5 years,MORTGAGE,99000.0,Source Verified,debt_consolidation,19.75,0.0,2000-02-01,17.0,0.0,724,720,38132,60.0
1605226,5800, 36 months,13.1,195.74,B,,MORTGAGE,33228.0,Verified,debt_consolidation,6.54,0.0,2003-08-01,7.0,0.0,689,685,5447,27.0
63454406,10000, 36 months,13.3,338.54,C,10+ years,MORTGAGE,65000.0,Not Verified,debt_consolidation,30.78,1.0,1990-01-01,10.0,0.0,684,680,62848,90.0
1061975,12000, 36 months,16.7,426.47,D,10+ years,MORTGAGE,93000.0,Not Verified,credit_card,13.46,0.0,1999-02-01,12.0,0.0,669,665,23691,92.0
14610705,3650, 36 months,12.9,122.97,B,1 year,RENT,45000.0,Not Verified,debt_consolidation,14.0,2.0,2006-06-01,8.0,0.0,669,665,3652,58.0
67416572,16000, 36 months,9.1,510.07,B,3 years,RENT,75000.0,Source Verified,credit_card,11.47,0.0,2010-06-01,9.0,0.0,664,660,14109,87.0
15489909,15000, 36 months,10.9,491.01,B,4 years,MORTGAGE,75000.0,Verified,home_improvement,19.9,0.0,2004-03-01,14.0,0.0,724,720,22942,57.0
67255813,4750, 36 months,24.2,186.96,F,< 1 year,RENT,13200.0,Verified,debt_consolidation,22.64,0.0,2010-03-01,14.0,0.0,669,665,5680,61.0
46683933,24000, 36 months,8.1,754.07,B,3 years,MORTGAGE,85000.0,Source Verified,debt_consolidation,35.89,0.0,2000-05-01,26.0,0.0,739,735,100679,31.0
68773586,17000, 36 months,11.9,564.57,C,10+ years,RENT,130000.0,Verified,credit_card,30.96,0.0,1994-08-01,31.0,0.0,674,670,65569,81.0
15099402,9100, 36 months,15.6,318.18,C,6 years,RENT,30000.0,Source Verified,credit_card,22.84,0.0,2007-02-01,5.0,0.0,729,725,9694,80.0
2379935,6000, 36 months,17.7,216.23,D,8 years,OWN,50000.0,Source Verified,small_business,14.69,0.0,2007-01-01,12.0,0.0,714,710,30647,53.0
96201270,14000, 60 months,29.4,448.58,F,9 years,RENT,105000.0,Verified,debt_consolidation,25.49,1.0,2001-09-01,12.0,0.0,669,665,12911,59.0
76183523,20000, 60 months,24.1,576.64,F,10+ years,MORTGAGE,62000.0,Not Verified,debt_consolidation,22.3,0.0,1994-03-01,10.0,0.0,669,665,5319,45.0
65624929,7200, 36 months,14.3,247.24,C,2 years,RENT,32000.0,Verified,debt_consolidation,18.03,0.0,2011-02-01,6.0,0.0,669,665,9057,84.0
687134,11000, 60 months,10.3,235.73,B,2 years,RENT,43500.0,Source Verified,wedding,2.7,0.0,1999-01-01,4.0,0.0,789,785,0,0.0
45294301,35000, 36 months,15.6,1223.77,D,10+ years,MORTGAGE,108000.0,Verified,debt_consolidation,11.4,0.0,1999-01-01,13.0,0.0,699,695,38715,70.0
94012790,10000, 36 months,7.4,311.02,A,10+ years,RENT,88000.0,Not Verified,credit_card,8.11,0.0,2011-06-01,10.0,0.0,749,745,10234,21.0
94075733,18000, 36 months,14.9,623.89,C,< 1 year,MORTGAGE,94000.0,Source Verified,small_business,16.06,0.0,2004-09-01,15.0,0.0,699,695,21383,60.0
6786824,4000, 36 months,18.2,145.12,D,1 year,RENT,24500.0,Verified,major_purchase,8.57,0.0,2007-12-01,5.0,0.0,674,670,3608,76.0
15559971,18000, 60 months,15.3,431.16,C,1 year,RENT,48000.0,Verified,debt_consolidation,14.78,0.0,2007-01-01,10.0,0.0,664,660,8319,59.0
17993838,14700, 60 months,19.5,385.55,E,10+ years,RENT,68900.0,Verified,debt_consolidation,7.52,0.0,1993-09-01,10.0,2.0,664,660,8642,55.0
54314615,9200, 36 months,11.5,303.52,B,< 1 year,RENT,60000.0,Source Verified,debt_consolidation,28.28,1.0,1995-04-01,9.0,0.0,714,710,18377,33.0
24845858,15000, 36 months,6.4,459.67,A,10+ years,MORTGAGE,88400.0,Source Verified,credit_card,13.16,0.0,1978-02-01,17.0,0.0,744,740,19271,35.0
67555705,15000, 60 months,17.2,374.97,D,< 1 year,RENT,33280.0,Verified,debt_consolidation,29.82,1.0,2002-06-01,13.0,1.0,664,660,14679,67.0
21660673,17425, 36 months,16.2,615.11,D,3 years,MORTGAGE,85000.0,Verified,debt_consolidation,17.38,1.0,1988-09-01,24.0,1.0,689,685,10788,36.0
55909665,15000, 36 months,6.2,457.97,A,8 years,MORTGAGE,60000.0,Not Verified,debt_consolidation,9.62,0.0,2003-02-01,12.0,0.0,759,755,9983,21.0
39762538,14400, 36 months,8.1,452.51,A,< 1 year,OWN,50000.0,Verified,debt_consolidation,21.27,0.0,1979-12-01,5.0,0.0,684,680,11872,60.0
66666777,6475, 36 months,16.5,229.41,D,< 1 year,RENT,18000.0,Source Verified,debt_consolidation,17.73,0.0,2011-07-01,7.0,0.0,714,710,5277,58.0
24234887,28000, 60 months,10.9,608.65,B,< 1 year,RENT,78000.0,Source Verified,debt_consolidation,29.14,0.0,1995-09-01,19.0,0.0,709,705,38495,71.0
33381687,17000, 36 months,6.4,520.96,A,8 years,MORTGAGE,69000.0,Not Verified,debt_consolidation,13.63,0.0,2003-11-01,14.0,0.0,754,750,17035,22.0
62440140,7000, 36 months,12.6,234.82,C,< 1 year,RENT,14400.0,Source Verified,debt_consolidation,17.56,0.0,2010-02-01,4.0,0.0,689,685,2327,66.0
73704075,7000, 36 months,16.2,247.11,D,10+ years,RENT,25000.0,Not Verified,debt_consolidation,22.9,0.0,2005-10-01,7.0,0.0,684,680,9203,52.0
55129592,14400, 60 months,18.5,369.99,E,2 years,MORTGAGE,101000.0,Verified,home_improvement,4.57,0.0,2004-11-01,6.0,1.0,679,675,5862,47.0
110938188,5000, 36 months,13.5,169.9,C,2 years,MORTGAGE,140000.0,Source Verified,debt_consolidation,12.19,1.0,1989-10-01,8.0,0.0,669,665,2607,48.0
6644818,8000, 36 months,6.0,243.49,A,10+ years,MORTGAGE,100000.0,Source Verified,home_improvement,6.62,0.0,1996-05-01,12.0,0.0,834,830,639,1.0
91068118,5000, 36 months,13.4,169.66,C,10+ years,MORTGAGE,78000.0,Verified,vacation,25.2,0.0,1994-02-01,18.0,0.0,699,695,50882,55.0
63425691,35000, 36 months,16.9,1247.68,D,9 years,MORTGAGE,80000.0,Verified,debt_consolidation,29.28,0.0,2003-06-01,10.0,0.0,674,670,52995,87.0
46988129,35000, 36 months,6.9,1079.42,A,10+ years,RENT,315000.0,Verified,credit_card,18.82,0.0,1989-04-01,32.0,0.0,679,675,103308,62.0
8655794,8000, 36 months,16.0,282.05,C,7 years,RENT,70000.0,Not Verified,debt_consolidation,15.93,0.0,2000-11-01,13.0,0.0,664,660,6477,48.0
36230626,13500, 36 months,17.8,487.11,D,< 1 year,RENT,33800.0,Source Verified,debt_consolidation,16.05,0.0,1995-04-01,11.0,0.0,679,675,12564,61.0
41060868,35000, 36 months,8.1,1099.69,B,2 years,MORTGAGE,240000.0,Verified,home_improvement,5.15,0.0,2000-05-01,9.0,0.0,809,805,8317,14.0
56904203,18000, 60 months,20.9,486.86,E,10+ years,MORTGAGE,96000.0,Source Verified,major_purchase,11.45,2.0,2004-08-01,5.0,0.0,669,665,6491,46.0
46546919,5600, 36 months,16.9,199.63,D,10+ years,MORTGAGE,26000.0,Not Verified,debt_consolidation,18.45,0.0,2006-01-01,7.0,0.0,699,695,4071,37.0
85168405,15000, 60 months,15.5,361.52,C,10+ years,RENT,38000.0,Source Verified,medical,28.3,0.0,1975-11-01,7.0,0.0,694,690,5507,50.0
113203885,3500, 36 months,11.9,116.24,B,,RENT,14472.0,Verified,debt_consolidation,34.58,0.0,2005-07-01,11.0,0.0,744,740,1549,5.0
34944163,10000, 60 months,10.4,214.89,B,< 1 year,MORTGAGE,180000.0,Source Verified,major_purchase,5.5,1.0,1993-02-01,6.0,0.0,664,660,3501,23.0
52536754,24000, 36 months,7.2,743.91,A,10+ years,MORTGAGE,65000.0,Source Verified,credit_card,27.34,0.0,1999-01-01,16.0,0.0,714,710,10348,37.0
49733321,12050, 36 months,6.2,367.9,A,4 years,RENT,41000.0,Not Verified,credit_card,18.67,0.0,2003-08-01,11.0,0.0,779,775,3255,21.0
37097993,28000, 36 months,9.4,896.8,B,< 1 year,RENT,100000.0,Verified,home_improvement,10.3,1.0,2010-02-01,7.0,0.0,689,685,15975,66.0
68776004,13225, 60 months,16.5,325.77,D,5 years,MORTGAGE,52000.0,Verified,credit_card,40.96,0.0,2003-09-01,15.0,0.0,694,690,40942,65.0
7955391,3200, 36 months,12.9,107.81,B,10+ years,MORTGAGE,63000.0,Verified,debt_consolidation,29.98,0.0,2001-07-01,12.0,0.0,729,725,12848,66.0
44935452,10750, 36 months,21.6,408.72,E,2 years,RENT,50000.0,Verified,debt_consolidation,35.31,1.0,1994-03-01,14.0,1.0,694,690,13373,36.0
76295318,21875, 60 months,17.2,546.84,D,10+ years,MORTGAGE,90000.0,Verified,debt_consolidation,22.13,0.0,1999-11-01,18.0,1.0,719,715,15649,46.0
424625,13000, 36 months,11.5,429.18,B,< 1 year,OWN,41600.0,Not Verified,debt_consolidation,17.37,0.0,1999-07-01,6.0,0.0,719,715,14391,34.0
31567544,35000, 36 months,7.6,1091.78,A,10+ years,MORTGAGE,120000.0,Verified,debt_consolidation,25.63,0.0,1983-04-01,14.0,0.0,704,700,40262,51.0
103871684,13000, 36 months,11.4,428.63,B,2 years,RENT,65000.0,Source Verified,credit_card,11.33,0.0,1997-11-01,12.0,1.0,664,660,16812,59.0
13097518,15950, 60 months,19.4,417.89,D,7 years,OWN,40000.0,Source Verified,debt_consolidation,6.57,0.0,1999-05-01,7.0,0.0,764,760,2843,14.0
1232212,20000, 36 months,13.1,674.94,B,9 years,MORTGAGE,88000.0,Source Verified,home_improvement,18.55,0.0,1997-08-01,20.0,1.0,719,715,31863,48.0
9815020,35000, 36 months,17.5,1257.8,D,10+ years,MORTGAGE,120000.0,Verified,debt_consolidation,23.43,1.0,1994-05-01,11.0,7.0,669,665,32929,84.0
96371678,8000, 36 months,8.2,251.58,B,10+ years,MORTGAGE,42000.0,Not Verified,debt_consolidation,19.69,0.0,2000-09-01,9.0,0.0,764,760,22447,31.0
32108507,12000, 36 months,11.6,396.69,B,2 years,MORTGAGE,60000.0,Not Verified,debt_consolidation,28.84,1.0,2005-01-01,27.0,0.0,684,680,9264,63.0
1323593,20000, 60 months,12.9,454.96,C,10+ years,MORTGAGE,100000.0,Verified,debt_consolidation,4.68,0.0,1990-11-01,7.0,0.0,739,735,23452,51.0
26169570,16675, 36 months,12.4,557.76,B,2 years,MORTGAGE,38000.0,Not Verified,debt_consolidation,11.4,0.0,2000-04-01,9.0,0.0,664,660,10722,62.0
14638371,31900, 60 months,17.5,802.61,D,10+ years,RENT,77796.0,Verified,credit_card,29.32,0.0,2000-08-01,13.0,0.0,664,660,31679,57.0
67726002,10000, 36 months,6.8,308.27,A,,MORTGAGE,78000.0,Not Verified,debt_consolidation,4.63,1.0,1986-03-01,12.0,0.0,699,695,15076,18.0
32859731,6400, 36 months,14.4,220.27,C,1 year,MORTGAGE,55000.0,Not Verified,debt_consolidation,36.61,0.0,1995-03-01,15.0,1.0,679,675,13859,81.0
6955018,6000, 36 months,19.5,221.52,D,10+ years,RENT,48000.0,Not Verified,debt_consolidation,23.35,2.0,1995-02-01,8.0,0.0,669,665,5163,87.0
63465645,8000, 36 months,13.9,273.39,C,1 year,RENT,28000.0,Source Verified,debt_consolidation,21.39,0.0,2011-10-01,15.0,0.0,669,665,4808,55.0
55190161,12000, 36 months,9.9,387.15,B,10+ years,MORTGAGE,57000.0,Not Verified,debt_consolidation,21.33,0.0,1995-10-01,18.0,0.0,679,675,15179,51.0
78568499,16000, 36 months,7.3,496.9,A,8 years,MORTGAGE,103000.0,Source Verified,credit_card,18.21,0.0,1997-02-01,12.0,0.0,704,700,38147,59.0
118109917,6500, 36 months,16.0,228.59,C,7 years,RENT,126000.0,Not Verified,debt_consolidation,25.7,0.0,2003-07-01,13.0,0.0,669,665,22159,98.0
123975188,6000, 36 months,6.0,182.75,A,,OWN,24000.0,Source Verified,credit_card,3.35,0.0,2005-10-01,9.0,0.0,794,790,3072,6.0
43265544,7000, 36 months,6.9,215.89,A,10+ years,RENT,52000.0,Not Verified,debt_consolidation,11.68,0.0,2003-08-01,6.0,0.0,694,690,6826,31.0
51976312,7825, 36 months,13.9,267.41,C,1 year,MORTGAGE,149000.0,Source Verified,debt_consolidation,14.68,1.0,2010-03-01,6.0,3.0,709,705,1721,35.0
68996899,22400, 36 months,14.8,774.86,C,7 years,RENT,32000.0,Verified,credit_card,29.41,0.0,2009-08-01,9.0,0.0,699,695,12256,62.0
69020027,10000, 36 months,11.4,329.67,B,4 years,MORTGAGE,48300.0,Source Verified,debt_consolidation,30.16,0.0,2006-10-01,12.0,0.0,719,715,8936,31.0
6715096,6500, 36 months,8.0,206.4,A,5 years,MORTGAGE,24000.0,Source Verified,credit_card,10.2,0.0,2001-09-01,5.0,0.0,764,760,6433,56.0
2218355,9000, 36 months,12.1,299.45,B,10+ years,RENT,52000.0,Not Verified,debt_consolidation,21.37,0.0,1995-12-01,10.0,0.0,694,690,11419,57.0
1123925,7200, 36 months,8.0,228.63,A,< 1 year,RENT,30000.0,Source Verified,credit_card,14.08,0.0,2005-10-01,6.0,0.0,714,710,11979,82.0
1517663,4800, 36 months,15.0,168.29,C,< 1 year,MORTGAGE,90000.0,Not Verified,debt_consolidation,8.44,0.0,2002-08-01,9.0,0.0,669,665,8612,81.0
11276046,7000, 36 months,14.9,242.59,C,10+ years,RENT,65000.0,Not Verified,debt_consolidation,6.74,0.0,2000-09-01,13.0,0.0,684,680,9163,49.0
89859102,21575, 36 months,16.9,769.11,D,3 years,RENT,43160.0,Verified,moving,17.38,0.0,1990-09-01,6.0,1.0,679,675,2663,13.0
10557018,2400, 36 months,14.9,83.18,C,,RENT,22750.0,Verified,debt_consolidation,34.41,0.0,1992-12-01,8.0,0.0,684,680,5902,49.0
38536833,9600, 36 months,16.4,339.84,D,,RENT,27000.0,Verified,debt_consolidation,10.8,0.0,1978-03-01,13.0,1.0,684,680,8187,35.0
69903169,24050, 36 months,16.2,848.98,D,4 years,RENT,90898.0,Not Verified,debt_consolidation,27.67,0.0,2007-01-01,9.0,0.0,689,685,42506,81.0
73141734,3000, 36 months,12.9,101.07,C,2 years,RENT,26780.0,Verified,other,25.28,0.0,1985-08-01,8.0,0.0,689,685,14980,96.0
118170267,12000, 36 months,9.4,384.06,B,4 years,MORTGAGE,53170.0,Not Verified,debt_consolidation,29.44,0.0,2004-06-01,17.0,0.0,724,720,13257,43.0
126502323,16000, 36 months,15.0,555.04,C,< 1 year,RENT,32508.0,Verified,credit_card,20.04,0.0,2010-03-01,18.0,0.0,699,695,13240,59.0
91874240,6500, 36 months,8.2,204.41,B,,OWN,32988.0,Verified,debt_consolidation,23.38,0.0,1998-05-01,6.0,0.0,749,745,7443,53.0
94277369,6000, 36 months,8.2,188.69,B,10+ years,MORTGAGE,70000.0,Not Verified,debt_consolidation,27.57,1.0,1988-09-01,28.0,0.0,694,690,39920,33.0
79025030,15000, 36 months,16.2,529.51,D,7 years,OWN,108000.0,Not Verified,debt_consolidation,30.91,0.0,1993-04-01,15.0,0.0,689,685,21932,94.0
3350212,20000, 36 months,8.0,635.07,A,10+ years,MORTGAGE,170000.0,Verified,credit_card,12.72,0.0,1995-03-01,14.0,0.0,714,710,29368,80.0
563700,2400, 60 months,17.9,60.86,E,4 years,OWN,21600.0,Verified,other,6.0,1.0,1988-07-01,3.0,0.0,679,675,4051,96.0
19557158,20000, 60 months,19.5,524.56,E,10+ years,MORTGAGE,120000.0,Source Verified,debt_consolidation,6.72,2.0,1998-10-01,11.0,0.0,669,665,6124,65.0
54137198,14000, 36 months,7.2,433.95,A,2 years,MORTGAGE,145000.0,Not Verified,home_improvement,17.83,1.0,1978-10-01,14.0,0.0,699,695,280485,83.0
65595255,12250, 36 months,17.8,442.01,D,< 1 year,RENT,35000.0,Not Verified,other,27.71,0.0,2002-06-01,5.0,0.0,689,685,8722,64.0
68619651,3600, 36 months,9.1,114.77,B,6 years,MORTGAGE,48300.0,Not Verified,home_improvement,1.22,0.0,1983-12-01,7.0,0.0,674,670,376,10.0
125252730,30000, 36 months,15.0,1040.7,C,< 1 year,RENT,55000.0,Not Verified,debt_consolidation,13.68,0.0,2013-10-01,16.0,0.0,689,685,11870,32.0
715206,4500, 36 months,11.1,147.56,B,2 years,RENT,37000.0,Source Verified,debt_consolidation,13.62,0.0,2007-08-01,6.0,0.0,689,685,2746,78.0
71021882,11500, 36 months,9.1,366.56,B,10+ years,MORTGAGE,61000.0,Source Verified,debt_consolidation,25.14,1.0,1999-09-01,13.0,0.0,689,685,15660,93.0
63494497,27600, 36 months,12.6,925.84,C,8 years,MORTGAGE,60000.0,Not Verified,debt_consolidation,10.74,0.0,2000-06-01,9.0,0.0,739,735,18038,25.0
4525900,11325, 36 months,16.2,399.78,C,10+ years,MORTGAGE,34000.0,Not Verified,credit_card,14.72,0.0,1995-01-01,9.0,0.0,669,665,16570,65.0
110065515,5500, 36 months,7.3,170.71,A,10+ years,MORTGAGE,90000.0,Source Verified,car,16.75,1.0,1988-03-01,6.0,0.0,694,690,15721,55.0
38108486,8000, 36 months,11.4,263.58,B,10+ years,RENT,55000.0,Source Verified,debt_consolidation,13.66,0.0,1999-02-01,7.0,0.0,709,705,11333,92.0
6310928,17500, 60 months,25.2,516.53,F,10+ years,RENT,73000.0,Verified,other,15.47,0.0,1999-04-01,7.0,0.0,689,685,23744,74.0
99876000,15000, 60 months,22.7,420.62,E,10+ years,MORTGAGE,50000.0,Not Verified,home_improvement,8.04,0.0,2004-10-01,16.0,0.0,734,730,3066,6.0
3098858,8000, 36 months,18.7,292.24,D,3 years,RENT,28000.0,Verified,other,29.47,0.0,2005-12-01,9.0,0.0,679,675,11598,55.0
83705461,24000, 36 months,12.7,806.23,C,10+ years,MORTGAGE,500000.0,Verified,home_improvement,8.09,0.0,1999-09-01,12.0,0.0,749,745,22156,60.0
99727031,15000, 36 months,14.9,519.91,C,< 1 year,MORTGAGE,40000.0,Verified,debt_consolidation,17.19,0.0,2003-03-01,7.0,2.0,679,675,12459,70.0
4547968,18000, 60 months,23.2,510.33,F,4 years,RENT,92000.0,Verified,debt_consolidation,7.87,0.0,2000-02-01,9.0,0.0,664,660,1558,43.0
75039614,18000, 36 months,10.7,587.17,B,10+ years,RENT,44000.0,Verified,credit_card,32.54,0.0,1980-08-01,12.0,1.0,684,680,885,9.0
74152050,4000, 36 months,5.3,120.46,A,10+ years,OWN,108000.0,Source Verified,vacation,11.39,0.0,1985-04-01,9.0,0.0,834,830,22243,2.0
97982121,6000, 36 months,12.7,201.42,C,10+ years,MORTGAGE,92000.0,Verified,car,27.3,0.0,2004-12-01,37.0,0.0,664,660,19811,48.0
50053506,14000, 36 months,12.6,469.63,C,10+ years,MORTGAGE,93000.0,Source Verified,home_improvement,20.37,2.0,2001-11-01,16.0,0.0,664,660,21741,61.0
631719,25000, 36 months,14.8,864.56,D,1 year,MORTGAGE,100000.0,Verified,other,16.74,1.0,1988-08-01,16.0,0.0,699,695,12399,24.0
60567070,13000, 36 months,11.5,428.88,B,< 1 year,RENT,48000.0,Verified,credit_card,26.18,1.0,2005-12-01,12.0,0.0,694,690,15679,92.0
92942354,16000, 60 months,19.9,423.82,D,3 years,RENT,91800.0,Source Verified,home_improvement,30.98,1.0,1995-04-01,8.0,0.0,674,670,11350,94.0
65691914,18000, 36 months,10.9,589.22,B,1 year,MORTGAGE,120000.0,Not Verified,credit_card,15.48,0.0,1990-12-01,15.0,1.0,714,710,24305,43.0
46567471,4800, 36 months,14.6,165.58,C,9 years,MORTGAGE,180000.0,Not Verified,debt_consolidation,19.91,0.0,1998-11-01,17.0,0.0,679,675,15517,54.0
94257965,15000, 36 months,21.4,568.91,D,1 year,MORTGAGE,45000.0,Source Verified,debt_consolidation,19.81,1.0,2005-06-01,8.0,0.0,669,665,12750,97.0
2794703,15000, 36 months,18.7,547.95,D,3 years,RENT,61812.0,Source Verified,debt_consolidation,15.01,0.0,1999-07-01,15.0,0.0,664,660,14365,97.0
94477749,10000, 36 months,19.9,371.59,D,5 years,RENT,51000.0,Verified,other,31.04,1.0,2008-08-01,11.0,0.0,679,675,3370,42.0
3808523,20000, 60 months,15.0,484.24,C,2 years,OWN,82500.0,Verified,debt_consolidation,26.2,1.0,1999-08-01,16.0,0.0,694,690,18699,50.0
71067788,23000, 36 months,7.8,719.57,A,1 year,MORTGAGE,85609.0,Source Verified,debt_consolidation,12.94,0.0,2001-06-01,11.0,0.0,714,710,21272,69.0
855246,18000, 60 months,15.2,394.53,C,10+ years,RENT,93600.0,Verified,credit_card,20.51,0.0,1999-12-01,8.0,0.0,714,710,22192,66.0
35873294,20000, 36 months,9.4,640.57,B,2 years,RENT,52000.0,Source Verified,debt_consolidation,6.14,0.0,2001-08-01,8.0,1.0,684,680,1597,8.0
102086191,9000, 36 months,10.4,292.48,B,10+ years,RENT,45000.0,Not Verified,car,23.23,1.0,1992-03-01,25.0,1.0,674,670,5366,11.0
3497388,8000, 36 months,14.3,274.71,C,,MORTGAGE,52548.0,Not Verified,credit_card,20.71,0.0,2005-07-01,7.0,0.0,714,710,17195,86.0
66510771,12000, 60 months,11.9,266.88,C,10+ years,MORTGAGE,40000.0,Not Verified,debt_consolidation,32.31,1.0,1999-10-01,8.0,0.0,704,700,6978,75.0
1179804,17475, 36 months,13.6,594.46,B,2 years,RENT,35000.0,Verified,credit_card,20.81,0.0,1999-07-01,10.0,0.0,704,700,21759,93.0
110539518,10200, 60 months,15.0,242.93,C,10+ years,OWN,40000.0,Source Verified,debt_consolidation,27.12,2.0,1997-05-01,20.0,0.0,684,680,10230,52.0
5845237,7750, 36 months,14.3,266.13,C,10+ years,MORTGAGE,40700.0,Verified,debt_consolidation,31.58,0.0,2000-08-01,7.0,1.0,669,665,5584,80.0
16061503,10000, 36 months,11.6,330.57,B,10+ years,RENT,55000.0,Source Verified,other,11.75,0.0,2002-02-01,12.0,1.0,709,705,6438,28.0
6190641,18825, 36 months,11.5,621.23,B,8 years,MORTGAGE,105000.0,Verified,debt_consolidation,24.1,0.0,1998-06-01,17.0,0.0,699,695,11051,50.0
128002975,13000, 36 months,15.0,450.97,C,10+ years,MORTGAGE,53500.0,Not Verified,debt_consolidation,16.22,1.0,2002-07-01,12.0,0.0,664,660,4664,72.0
84997937,35000, 36 months,22.3,1343.74,E,10+ years,RENT,70000.0,Verified,home_improvement,6.36,0.0,2011-04-01,13.0,1.0,689,685,9190,22.0
46104399,6500, 36 months,7.8,203.36,A,9 years,MORTGAGE,52000.0,Not Verified,credit_card,9.14,0.0,1992-11-01,13.0,0.0,694,690,8966,82.0
7445383,7500, 36 months,16.0,264.42,C,10+ years,RENT,75000.0,Not Verified,credit_card,5.39,0.0,1997-02-01,7.0,0.0,664,660,5765,94.0
68466307,20000, 36 months,6.4,612.89,A,4 years,RENT,103000.0,Not Verified,credit_card,12.55,0.0,1989-12-01,12.0,0.0,709,705,20951,73.0
13146413,27000, 60 months,16.5,665.09,D,10+ years,MORTGAGE,165000.0,Verified,debt_consolidation,5.48,0.0,1985-09-01,12.0,0.0,734,730,25031,33.0
42403349,5250, 36 months,9.1,167.37,B,5 years,MORTGAGE,45000.0,Not Verified,debt_consolidation,12.48,1.0,2001-03-01,13.0,0.0,704,700,14422,41.0
5954946,35000, 60 months,22.0,970.65,E,,MORTGAGE,77904.0,Verified,debt_consolidation,19.04,4.0,1974-07-01,9.0,0.0,689,685,9156,59.0
35216623,30000, 36 months,11.4,988.43,B,10+ years,RENT,65000.0,Verified,debt_consolidation,28.37,1.0,1999-10-01,13.0,0.0,709,705,27313,42.0
66570965,10000, 36 months,5.3,301.15,A,10+ years,MORTGAGE,30000.0,Not Verified,debt_consolidation,27.09,0.0,1984-04-01,12.0,0.0,850,845,4647,8.0
68242322,21000, 60 months,21.4,573.81,E,3 years,MORTGAGE,78000.0,Verified,debt_consolidation,20.74,0.0,1998-07-01,17.0,0.0,709,705,55377,79.0
35206246,19200, 60 months,15.5,462.74,D,2 years,MORTGAGE,70000.0,Source Verified,other,14.97,0.0,2002-08-01,15.0,0.0,704,700,17495,58.0
119278545,2250, 36 months,14.0,76.99,C,3 years,RENT,51317.76,Source Verified,credit_card,18.78,0.0,2007-02-01,10.0,0.0,754,750,12215,28.0
1188975,2400, 36 months,6.6,73.69,A,1 year,RENT,40000.0,Not Verified,credit_card,10.89,0.0,1995-02-01,8.0,0.0,749,745,15664,69.0
65251517,16000, 36 months,6.8,493.23,A,< 1 year,RENT,100000.0,Source Verified,debt_consolidation,8.03,0.0,1997-02-01,10.0,1.0,694,690,12831,21.0
16231086,17000, 36 months,12.4,568.64,B,10+ years,RENT,180000.0,Not Verified,credit_card,14.55,0.0,2007-01-01,13.0,0.0,669,665,30670,69.0
10183233,10000, 36 months,14.4,344.07,C,1 year,RENT,30000.0,Not Verified,debt_consolidation,20.84,0.0,2006-06-01,11.0,0.0,664,660,10967,78.0
122956236,8525, 36 months,26.0,344.85,E,1 year,RENT,60000.0,Source Verified,small_business,10.76,0.0,2002-04-01,10.0,0.0,694,690,1459,18.0
60784805,15000, 36 months,9.1,478.19,B,5 years,RENT,104000.0,Not Verified,credit_card,24.28,0.0,2005-06-01,13.0,0.0,704,700,16379,47.0
58563147,18500, 36 months,5.3,557.13,A,1 year,RENT,134000.0,Source Verified,credit_card,10.12,0.0,1988-02-01,15.0,0.0,684,680,18068,51.0
39630703,10000, 36 months,11.4,329.48,B,10+ years,RENT,50000.0,Source Verified,debt_consolidation,29.76,1.0,1999-11-01,5.0,0.0,699,695,7955,64.0
17764696,6500, 36 months,10.1,210.2,B,8 years,MORTGAGE,55000.0,Not Verified,debt_consolidation,7.14,0.0,2004-08-01,5.0,0.0,714,710,4679,106.0
41143662,12000, 36 months,5.9,364.69,A,10+ years,MORTGAGE,92000.0,Source Verified,debt_consolidation,25.51,0.0,1993-06-01,16.0,0.0,779,775,43159,25.0
111528241,10000, 36 months,9.9,322.35,B,3 years,MORTGAGE,54000.0,Not Verified,debt_consolidation,14.2,0.0,2001-01-01,20.0,0.0,679,675,15697,48.0
111376777,18000, 60 months,25.8,537.02,E,,RENT,40000.0,Not Verified,debt_consolidation,23.22,1.0,2006-08-01,8.0,0.0,714,710,9458,26.0
75730100,35000, 36 months,17.2,1252.56,D,10+ years,MORTGAGE,120000.0,Source Verified,debt_consolidation,14.28,0.0,1999-11-01,14.0,0.0,674,670,31763,65.0
76392852,18000, 36 months,12.9,606.41,C,3 years,RENT,48000.0,Verified,debt_consolidation,34.58,0.0,2007-10-01,9.0,0.0,684,680,14713,61.0
102207214,8000, 36 months,7.2,247.9,A,10+ years,MORTGAGE,97000.0,Not Verified,credit_card,10.75,0.0,2002-01-01,12.0,0.0,774,770,8191,15.0
48886354,7500, 36 months,5.9,227.93,A,4 years,MORTGAGE,83000.0,Not Verified,credit_card,5.28,0.0,2001-11-01,8.0,0.0,784,780,5754,34.0
27521951,9925, 36 months,7.1,307.01,A,5 years,RENT,27000.0,Not Verified,debt_consolidation,18.62,0.0,1998-02-01,9.0,0.0,719,715,7318,55.0
28674529,12000, 36 months,13.3,406.36,C,5 years,MORTGAGE,67500.0,Not Verified,debt_consolidation,4.89,0.0,2002-12-01,6.0,0.0,674,670,8279,45.0
12467955,14500, 36 months,8.0,460.43,A,10+ years,MORTGAGE,71000.0,Verified,debt_consolidation,1.12,0.0,1998-02-01,4.0,0.0,684,680,2113,70.0
10544674,27000, 36 months,7.6,841.36,A,7 years,RENT,100000.0,Verified,credit_card,7.96,0.0,2002-06-01,7.0,0.0,714,710,26310,61.0
111987263,1000, 36 months,10.4,32.47,B,10+ years,MORTGAGE,75000.0,Not Verified,vacation,21.95,0.0,1993-03-01,14.0,0.0,709,705,40435,93.0
4547561,25000, 60 months,12.1,557.63,B,10+ years,MORTGAGE,70000.0,Verified,debt_consolidation,26.43,0.0,2001-05-01,16.0,0.0,704,700,16312,33.0
56079102,35000, 60 months,16.9,869.66,D,10+ years,MORTGAGE,215000.0,Verified,debt_consolidation,18.87,0.0,1997-06-01,11.0,0.0,714,710,49074,91.0
1175686,8000, 36 months,13.6,272.15,B,10+ years,RENT,55000.0,Not Verified,credit_card,22.45,0.0,1997-08-01,8.0,0.0,689,685,24122,93.0
118677230,10000, 36 months,19.0,366.72,D,6 years,RENT,50000.0,Source Verified,other,14.95,0.0,2007-02-01,8.0,1.0,689,685,7127,46.0
1531617,3425, 36 months,7.6,106.73,A,< 1 year,RENT,30000.0,Not Verified,debt_consolidation,14.96,0.0,2002-10-01,9.0,0.0,749,745,1557,17.0
11134614,5000, 36 months,9.6,160.57,B,10+ years,RENT,45000.0,Not Verified,debt_consolidation,9.09,0.0,1998-08-01,11.0,1.0,724,720,3770,21.0
4806690,12275, 36 months,11.1,402.69,B,3 years,MORTGAGE,36000.0,Not Verified,debt_consolidation,15.54,1.0,1999-01-01,13.0,0.0,684,680,5531,47.0
37741222,11200, 36 months,15.5,391.5,D,1 year,MORTGAGE,67000.0,Verified,debt_consolidation,29.02,0.0,2004-02-01,17.0,0.0,674,670,26004,42.0
97769593,5000, 36 months,6.0,155.48,C,2 years,RENT,55000.0,Verified,car,19.22,0.0,2010-11-01,9.0,0.0,739,735,6505,33.0
54578309,5650, 36 months,19.1,207.65,E,,RENT,18840.0,Verified,debt_consolidation,13.06,0.0,2005-07-01,8.0,0.0,674,670,4249,27.0
23864791,12050, 60 months,17.5,303.18,D,7 years,RENT,42000.0,Source Verified,debt_consolidation,23.51,0.0,2002-06-01,9.0,0.0,729,725,5636,31.0
61483875,7000, 36 months,11.5,230.94,B,1 year,RENT,30000.0,Verified,credit_card,19.04,0.0,2005-12-01,15.0,0.0,674,670,6408,98.0
69492854,20000, 60 months,17.9,507.55,D,10+ years,RENT,55500.0,Verified,debt_consolidation,33.32,0.0,1995-01-01,16.0,1.0,669,665,15498,71.0
76824155,30625, 60 months,19.9,811.21,E,10+ years,RENT,97500.0,Verified,debt_consolidation,37.81,1.0,1991-06-01,13.0,0.0,679,675,31101,76.0
16221258,19000, 60 months,9.1,395.98,B,< 1 year,RENT,50000.0,Source Verified,credit_card,19.08,0.0,2000-08-01,13.0,0.0,794,790,7420,14.0
80630956,32000, 36 months,18.9,1172.84,D,10+ years,MORTGAGE,147000.0,Verified,debt_consolidation,32.44,0.0,1986-04-01,16.0,0.0,694,690,53993,85.0
110685851,21000, 36 months,7.0,649.1,A,10+ years,MORTGAGE,150000.0,Verified,credit_card,12.18,2.0,1979-11-01,17.0,1.0,739,735,24524,29.0
42403958,8000, 36 months,9.1,255.04,B,10+ years,MORTGAGE,48000.0,Not Verified,debt_consolidation,11.23,0.0,2003-04-01,15.0,0.0,684,680,9774,34.0
73511311,20575, 36 months,9.7,661.49,B,7 years,RENT,107000.0,Source Verified,credit_card,21.69,0.0,1999-02-01,14.0,0.0,684,680,28198,91.0
69862793,14950, 36 months,11.4,492.85,B,2 years,RENT,34000.0,Not Verified,credit_card,28.17,1.0,2001-05-01,21.0,0.0,669,665,23935,50.0
8576079,9125, 36 months,6.6,280.18,A,2 years,RENT,80000.0,Not Verified,debt_consolidation,12.57,0.0,2005-07-01,3.0,0.0,724,720,9142,90.0
74102341,16000, 36 months,11.9,531.36,C,2 years,MORTGAGE,65000.0,Source Verified,debt_consolidation,27.01,1.0,2002-10-01,16.0,0.0,664,660,9610,48.0
47644161,15000, 60 months,16.5,369.17,D,9 years,OWN,39900.0,Verified,credit_card,36.48,0.0,1986-11-01,16.0,0.0,714,710,3763,28.0
21410069,18000, 36 months,10.1,582.08,B,10+ years,MORTGAGE,85000.0,Source Verified,other,17.61,0.0,1999-09-01,9.0,0.0,664,660,6457,58.0
40510339,31000, 36 months,14.3,1064.18,C,6 years,RENT,80000.0,Verified,debt_consolidation,28.16,1.0,1995-01-01,12.0,0.0,684,680,32208,94.0
105842549,12000, 60 months,14.9,285.42,C,2 years,RENT,48000.0,Source Verified,debt_consolidation,16.33,0.0,2001-03-01,7.0,1.0,669,665,13528,47.0
61712433,30000, 36 months,16.5,1062.88,D,4 years,MORTGAGE,80000.0,Source Verified,debt_consolidation,7.15,0.0,2006-04-01,12.0,0.0,754,750,760,2.0
66105065,13000, 36 months,7.8,406.72,A,10+ years,MORTGAGE,44000.0,Source Verified,debt_consolidation,22.83,0.0,2002-03-01,6.0,0.0,669,665,17303,74.0
129815643,4500, 36 months,10.0,147.12,B,1 year,RENT,32000.0,Source Verified,credit_card,9.08,0.0,2008-08-01,10.0,0.0,699,695,5726,36.0
131608832,3000, 36 months,11.9,99.62,B,< 1 year,RENT,62000.0,Source Verified,debt_consolidation,18.11,0.0,2007-07-01,28.0,0.0,689,685,8524,52.0
100162679,14200, 36 months,19.9,527.66,D,3 years,RENT,44500.0,Source Verified,debt_consolidation,25.43,0.0,2010-09-01,6.0,0.0,689,685,5773,97.0
57852606,12000, 36 months,7.8,375.43,A,< 1 year,RENT,79000.0,Verified,major_purchase,16.89,2.0,2004-02-01,10.0,0.0,674,670,11367,38.0
49037476,10000, 36 months,12.6,335.45,C,8 years,RENT,42000.0,Verified,debt_consolidation,36.29,1.0,1994-05-01,20.0,1.0,689,685,9346,33.0
70884714,4000, 36 months,11.4,131.85,B,,MORTGAGE,27790.0,Source Verified,debt_consolidation,13.91,0.0,1990-07-01,6.0,1.0,669,665,6462,28.0
110559977,5000, 36 months,12.6,167.56,C,2 years,RENT,23000.0,Not Verified,major_purchase,22.81,0.0,2009-07-01,11.0,0.0,779,775,200,1.0
109993620,30000, 60 months,14.0,699.3,C,10+ years,MORTGAGE,69000.0,Source Verified,credit_card,17.29,0.0,1987-06-01,10.0,0.0,764,760,22709,41.0
66414965,21000, 36 months,12.8,706.36,C,10+ years,MORTGAGE,108000.0,Not Verified,debt_consolidation,10.96,0.0,2002-01-01,9.0,0.0,674,670,10602,66.0
75608170,29150, 60 months,19.9,772.14,E,10+ years,RENT,63400.0,Verified,debt_consolidation,24.29,0.0,2003-12-01,11.0,0.0,684,680,32259,76.0
5610234,35000, 36 months,15.0,1227.05,C,2 years,MORTGAGE,108000.0,Verified,debt_consolidation,26.32,0.0,1992-09-01,14.0,0.0,684,680,44962,75.0
65681254,30000, 60 months,13.1,685.36,C,< 1 year,MORTGAGE,80000.0,Source Verified,debt_consolidation,10.83,0.0,1999-03-01,15.0,0.0,699,695,27043,58.0
102215982,10000, 36 months,7.9,313.32,A,< 1 year,MORTGAGE,100000.0,Source Verified,debt_consolidation,13.48,0.0,2001-11-01,12.0,0.0,689,685,14856,60.0
21501264,26750, 60 months,19.5,701.59,E,,OWN,61000.0,Verified,debt_consolidation,28.16,0.0,2003-12-01,9.0,0.0,674,670,53841,70.0
61037514,28000, 60 months,17.8,708.89,D,5 years,MORTGAGE,100000.0,Source Verified,debt_consolidation,16.85,2.0,2001-02-01,12.0,0.0,689,685,27020,74.0
129098691,26000, 36 months,21.8,990.94,D,< 1 year,MORTGAGE,205000.0,Source Verified,debt_consolidation,13.57,0.0,1997-11-01,11.0,1.0,664,660,13728,82.0
63246413,13200, 36 months,9.1,420.81,B,< 1 year,RENT,63000.0,Source Verified,debt_consolidation,19.6,0.0,2007-08-01,15.0,0.0,689,685,13945,59.0
3701144,21250, 36 months,13.1,717.13,B,2 years,RENT,65000.0,Source Verified,debt_consolidation,2.79,0.0,2004-11-01,4.0,0.0,719,715,6651,63.0
618067,3600, 36 months,6.9,111.01,A,< 1 year,RENT,45000.0,Not Verified,credit_card,2.35,0.0,2006-07-01,6.0,0.0,734,730,4763,34.0
62305346,28000, 36 months,14.6,965.84,C,,MORTGAGE,90000.0,Source Verified,debt_consolidation,13.87,0.0,1997-03-01,26.0,1.0,674,670,37331,65.0
20899530,30000, 60 months,13.3,687.98,C,10+ years,MORTGAGE,160000.0,Verified,credit_card,17.3,0.0,1985-05-01,19.0,0.0,704,700,41419,66.0
60616098,18000, 36 months,6.2,549.56,A,10+ years,MORTGAGE,74000.0,Not Verified,debt_consolidation,15.45,1.0,1999-03-01,9.0,0.0,724,720,12376,31.0
10162932,10000, 36 months,14.9,346.56,C,10+ years,RENT,42000.0,Source Verified,debt_consolidation,25.23,0.0,2000-07-01,11.0,1.0,674,670,7152,45.0
83376158,7200, 36 months,15.5,251.68,C,9 years,RENT,35040.0,Verified,debt_consolidation,17.6,0.0,1990-07-01,10.0,2.0,669,665,12921,77.0
3355104,3500, 36 months,15.0,122.71,C,5 years,MORTGAGE,52000.0,Not Verified,home_improvement,16.22,0.0,2005-01-01,11.0,0.0,669,665,10545,61.0
7689563,10625, 60 months,25.9,318.06,G,10+ years,RENT,50000.0,Verified,debt_consolidation,10.94,0.0,1993-07-01,6.0,0.0,664,660,4291,58.0
65623946,25150, 60 months,18.9,652.27,E,10+ years,MORTGAGE,63000.0,Not Verified,debt_consolidation,19.98,0.0,2007-04-01,15.0,1.0,739,735,1667,3.0
39602579,13750, 60 months,24.0,399.57,F,1 year,RENT,40000.0,Source Verified,debt_consolidation,32.13,0.0,2007-07-01,12.0,0.0,669,665,14480,78.0
13957492,6000, 36 months,18.9,219.7,D,5 years,MORTGAGE,75000.0,Verified,debt_consolidation,8.93,0.0,2007-09-01,16.0,1.0,689,685,11110,34.0
77507109,9525, 36 months,7.8,298.0,A,4 years,OWN,38954.0,Source Verified,credit_card,24.31,0.0,2004-05-01,6.0,1.0,694,690,5306,62.0
86954333,10000, 36 months,8.9,317.96,B,4 years,RENT,47000.0,Not Verified,debt_consolidation,21.04,0.0,1999-11-01,15.0,0.0,709,705,10217,29.0
59401162,2100, 36 months,9.1,66.95,B,,RENT,9000.0,Verified,debt_consolidation,18.0,0.0,2002-02-01,5.0,1.0,689,685,1720,35.0
24806802,24000, 36 months,6.4,735.47,A,10+ years,MORTGAGE,102145.56,Source Verified,home_improvement,16.11,0.0,1993-03-01,7.0,0.0,739,735,10403,62.0
60467099,14000, 60 months,13.3,320.92,C,10+ years,MORTGAGE,70000.0,Source Verified,debt_consolidation,24.48,0.0,1996-04-01,31.0,0.0,679,675,32320,64.0
6134984,7750, 36 months,16.7,275.47,C,6 years,RENT,56000.0,Not Verified,debt_consolidation,17.91,0.0,1999-12-01,7.0,0.0,699,695,4397,83.0
69980557,11000, 36 months,7.9,344.25,A,2 years,RENT,45000.0,Verified,credit_card,9.47,0.0,2004-12-01,6.0,0.0,709,705,10502,67.0
66541869,28350, 60 months,18.0,723.0,E,1 year,MORTGAGE,70000.0,Not Verified,debt_consolidation,37.49,0.0,2002-01-01,17.0,1.0,734,730,28180,49.0
35883852,12800, 60 months,23.9,368.16,F,3 years,MORTGAGE,28000.0,Source Verified,debt_consolidation,18.56,0.0,2001-10-01,13.0,0.0,694,690,10050,51.0
48634819,35000, 60 months,15.6,843.9,D,10+ years,RENT,150000.0,Verified,credit_card,11.79,1.0,1994-01-01,7.0,0.0,669,665,43435,94.0
427765,2650, 36 months,11.2,87.09,B,1 year,RENT,48000.0,Not Verified,credit_card,20.8,0.0,1967-04-01,13.0,0.0,704,700,8129,63.0
88132824,7500, 36 months,10.9,245.51,B,4 years,RENT,55000.0,Source Verified,credit_card,13.24,0.0,2007-01-01,14.0,0.0,679,675,8315,42.0
63450568,28000, 60 months,19.9,741.68,E,1 year,MORTGAGE,85000.0,Not Verified,debt_consolidation,23.59,0.0,2002-09-01,18.0,0.0,669,665,28397,47.0
12956980,6000, 36 months,14.6,206.94,C,10+ years,RENT,20000.0,Source Verified,other,21.67,0.0,2005-12-01,4.0,0.0,674,670,2117,39.0
4278610,8325, 36 months,11.1,273.11,B,1 year,RENT,40000.0,Not Verified,credit_card,21.0,0.0,2006-12-01,11.0,0.0,744,740,5884,42.0
117201738,5550, 36 months,29.6,234.67,F,,OWN,17388.0,Verified,home_improvement,1.73,0.0,1992-11-01,3.0,0.0,794,790,586,3.0
96628039,35000, 36 months,8.2,1100.66,B,10+ years,MORTGAGE,100000.0,Source Verified,credit_card,20.63,0.0,1991-07-01,14.0,0.0,744,740,31915,59.0
1347363,2000, 36 months,15.8,70.13,C,,OWN,44000.0,Not Verified,credit_card,17.24,0.0,2001-08-01,8.0,0.0,669,665,10247,82.0
6646537,5000, 36 months,7.6,155.81,A,4 years,RENT,25000.0,Verified,credit_card,24.55,0.0,1983-12-01,10.0,0.0,709,705,8622,55.0
106356897,28825, 60 months,14.9,685.6,C,10+ years,MORTGAGE,160000.0,Verified,debt_consolidation,8.39,0.0,1997-10-01,11.0,1.0,719,715,7075,26.0
57244987,20000, 36 months,9.1,637.58,B,1 year,OWN,79000.0,Source Verified,debt_consolidation,19.73,0.0,1998-11-01,13.0,0.0,694,690,7473,39.0
44046670,21000, 36 months,9.9,677.52,B,4 years,MORTGAGE,76000.0,Source Verified,debt_consolidation,20.67,0.0,2002-05-01,9.0,0.0,714,710,10502,54.0
99945883,18100, 36 months,18.9,663.39,D,7 years,MORTGAGE,63000.0,Source Verified,debt_consolidation,11.71,0.0,2006-07-01,5.0,1.0,689,685,4952,69.0
50316084,20000, 36 months,5.3,602.3,A,10+ years,MORTGAGE,140000.0,Source Verified,home_improvement,8.25,0.0,1989-03-01,24.0,0.0,764,760,43223,34.0
38644659,22200, 60 months,11.9,493.72,B,7 years,MORTGAGE,176000.0,Verified,debt_consolidation,22.03,0.0,2004-09-01,10.0,0.0,694,690,38232,83.0
62589495,28000, 36 months,5.3,843.22,A,5 years,MORTGAGE,350000.0,Verified,credit_card,5.36,0.0,1996-06-01,10.0,0.0,739,735,239788,30.0
62146486,7000, 36 months,10.9,229.14,B,2 years,MORTGAGE,121000.0,Source Verified,debt_consolidation,14.99,2.0,1988-05-01,15.0,1.0,679,675,6252,32.0
44905928,6000, 36 months,15.6,209.79,D,10+ years,RENT,72000.0,Verified,debt_consolidation,23.18,0.0,1990-03-01,15.0,1.0,664,660,7780,56.0
38575284,30000, 36 months,11.9,996.29,B,10+ years,MORTGAGE,75000.0,Verified,debt_consolidation,10.21,2.0,1972-05-01,9.0,0.0,689,685,12577,53.0
90195760,5000, 36 months,9.4,160.15,B,,MORTGAGE,28000.0,Verified,debt_consolidation,6.22,0.0,2006-02-01,6.0,1.0,684,680,2932,41.0
8274991,12300, 36 months,9.6,394.99,B,2 years,MORTGAGE,60000.0,Not Verified,debt_consolidation,17.18,2.0,1996-11-01,10.0,0.0,684,680,16210,45.0
46206048,2800, 36 months,8.1,87.98,B,10+ years,MORTGAGE,38000.0,Not Verified,debt_consolidation,18.33,0.0,2004-11-01,12.0,0.0,689,685,2982,47.0
84463483,5000, 36 months,9.4,160.15,B,,MORTGAGE,40000.0,Verified,debt_consolidation,6.5,1.0,1997-10-01,15.0,0.0,719,715,5815,17.0
77548239,19000, 36 months,11.4,626.28,B,4 years,RENT,75000.0,Verified,credit_card,20.06,0.0,2007-06-01,8.0,0.0,694,690,19354,54.0
36048514,35000, 36 months,11.4,1153.17,B,10+ years,OWN,100000.0,Verified,debt_consolidation,22.66,0.0,1983-07-01,13.0,0.0,699,695,18026,43.0
117289972,12000, 36 months,17.0,428.38,D,10+ years,MORTGAGE,40000.0,Verified,debt_consolidation,22.5,0.0,2001-12-01,7.0,0.0,699,695,5385,63.0
44776444,10000, 36 months,13.3,338.54,C,7 years,OWN,45000.0,Source Verified,other,21.73,0.0,1997-12-01,5.0,0.0,674,670,46178,91.0
45212313,20225, 60 months,17.5,508.87,D,10+ years,MORTGAGE,68000.0,Source Verified,debt_consolidation,5.17,2.0,1999-10-01,8.0,1.0,719,715,1203,18.0
88128537,8275, 36 months,26.4,335.57,F,6 years,RENT,32529.0,Verified,major_purchase,30.33,0.0,2003-07-01,6.0,1.0,664,660,4800,68.0
17292941,10000, 36 months,10.9,327.34,B,9 years,MORTGAGE,60000.0,Not Verified,credit_card,4.57,0.0,2005-03-01,7.0,0.0,664,660,6017,54.0
2308819,25000, 36 months,11.1,820.13,B,10+ years,MORTGAGE,85000.0,Verified,debt_consolidation,19.75,1.0,1989-08-01,13.0,0.0,694,690,56820,54.0
128838384,13000, 36 months,7.9,407.2,A,3 years,MORTGAGE,67000.0,Verified,debt_consolidation,10.96,0.0,2005-12-01,4.0,0.0,689,685,9971,96.0
1232981,18000, 60 months,13.9,418.74,C,2 years,RENT,45000.0,Verified,debt_consolidation,25.04,0.0,2000-09-01,12.0,0.0,724,720,17911,61.0
40097349,22200, 36 months,8.1,697.62,A,7 years,OWN,45849.0,Verified,debt_consolidation,35.79,0.0,1997-08-01,12.0,0.0,754,750,24756,47.0
20810661,13600, 36 months,8.3,428.63,A,7 years,MORTGAGE,70000.0,Not Verified,debt_consolidation,14.06,0.0,2001-10-01,7.0,0.0,744,740,12464,49.0
85757358,20000, 36 months,7.5,622.96,A,2 years,OWN,182000.0,Not Verified,credit_card,7.64,1.0,1995-08-01,8.0,0.0,724,720,21409,47.0
43165913,10000, 36 months,10.9,327.34,B,7 years,RENT,108000.0,Not Verified,debt_consolidation,13.42,0.0,2006-03-01,12.0,0.0,719,715,35810,44.0
127937226,6000, 36 months,18.0,217.1,D,8 years,MORTGAGE,34000.0,Verified,debt_consolidation,41.65,0.0,1995-11-01,9.0,0.0,699,695,6066,59.0
135193210,5200, 36 months,17.4,186.62,D,9 years,RENT,54000.0,Not Verified,debt_consolidation,11.58,1.0,2004-05-01,17.0,0.0,674,670,7873,28.0
84515913,10500, 60 months,15.5,253.06,C,4 years,MORTGAGE,87600.0,Verified,vacation,20.74,0.0,2003-02-01,13.0,0.0,669,665,15778,71.0
63394125,12000, 60 months,9.1,250.1,B,2 years,RENT,89000.0,Not Verified,credit_card,20.66,0.0,1996-09-01,18.0,0.0,709,705,21843,37.0
25387172,10000, 36 months,6.0,304.36,A,6 years,RENT,130000.0,Source Verified,credit_card,5.12,0.0,1998-12-01,8.0,0.0,819,815,2980,11.0
84564100,2500, 36 months,21.4,94.82,D,10+ years,RENT,50000.0,Verified,other,13.23,0.0,1999-02-01,12.0,1.0,679,675,2409,20.0
79662848,9000, 36 months,8.3,283.65,B,4 years,MORTGAGE,145000.0,Source Verified,debt_consolidation,0.53,0.0,1999-10-01,22.0,1.0,669,665,111,0.0
59111223,10000, 36 months,7.8,312.86,A,2 years,RENT,50000.0,Source Verified,credit_card,14.57,0.0,2008-05-01,10.0,0.0,719,715,10709,43.0
552819,12000, 36 months,15.9,421.59,D,4 years,MORTGAGE,72500.0,Verified,debt_consolidation,22.76,6.0,1993-12-01,22.0,0.0,669,665,10457,33.0
57844713,10000, 36 months,12.6,335.45,C,10+ years,RENT,75000.0,Verified,other,27.66,1.0,1990-07-01,11.0,1.0,669,665,12158,55.0
55918940,13000, 36 months,12.6,436.09,C,10+ years,MORTGAGE,65000.0,Not Verified,debt_consolidation,19.05,0.0,1998-11-01,10.0,0.0,684,680,10517,70.0
100470803,18000, 36 months,13.4,610.75,C,10+ years,MORTGAGE,63000.0,Verified,debt_consolidation,22.15,0.0,2006-06-01,6.0,0.0,694,690,11578,52.0
1301900,17800, 60 months,21.9,491.32,E,8 years,MORTGAGE,45000.0,Verified,debt_consolidation,21.55,0.0,1993-09-01,11.0,0.0,664,660,14129,60.0
8596277,21500, 60 months,19.5,563.9,D,,MORTGAGE,51173.0,Verified,debt_consolidation,4.95,0.0,1969-01-01,11.0,1.0,699,695,4390,24.0
28432729,35000, 60 months,10.1,746.24,B,10+ years,MORTGAGE,87500.0,Verified,debt_consolidation,29.3,1.0,1996-09-01,22.0,0.0,699,695,31060,54.0
99953987,17000, 36 months,18.9,623.07,D,2 years,OWN,85000.0,Verified,debt_consolidation,20.98,0.0,2006-07-01,11.0,2.0,674,670,18964,53.0
75103252,40000, 36 months,7.3,1242.23,A,4 years,MORTGAGE,360000.0,Verified,debt_consolidation,9.21,2.0,1987-07-01,10.0,1.0,689,685,7893,26.0
42675149,6500, 36 months,6.3,198.9,A,2 years,RENT,40000.0,Source Verified,credit_card,11.13,1.0,2001-09-01,9.0,0.0,734,730,6417,30.0
6514936,15000, 36 months,13.0,505.78,B,10+ years,RENT,67000.0,Not Verified,debt_consolidation,20.72,0.0,1988-10-01,14.0,0.0,679,675,16324,87.0
119322398,10000, 36 months,13.5,339.79,C,7 years,MORTGAGE,42000.0,Not Verified,debt_consolidation,17.6,0.0,2011-01-01,14.0,0.0,664,660,7185,41.0
60800749,5350, 36 months,11.5,176.5,B,2 years,RENT,35500.0,Source Verified,debt_consolidation,16.94,0.0,2008-02-01,9.0,0.0,689,685,1839,37.0
22471935,10000, 36 months,10.9,327.34,B,10+ years,RENT,67000.0,Not Verified,debt_consolidation,21.28,0.0,2001-12-01,19.0,0.0,694,690,13758,40.0
41082443,30000, 60 months,10.9,652.13,B,10+ years,MORTGAGE,120000.0,Verified,debt_consolidation,12.01,0.0,1993-04-01,19.0,0.0,719,715,16726,57.0
2375555,20500, 60 months,15.0,496.35,C,10+ years,MORTGAGE,60000.0,Verified,debt_consolidation,12.68,1.0,1992-06-01,6.0,0.0,694,690,16970,89.0
37907641,28000, 60 months,11.4,614.95,B,< 1 year,MORTGAGE,98000.0,Source Verified,debt_consolidation,20.76,0.0,2002-09-01,11.0,0.0,689,685,33319,90.0
50023474,12000, 60 months,13.3,275.07,C,9 years,RENT,45000.0,Source Verified,credit_card,27.92,0.0,2004-12-01,7.0,0.0,689,685,15645,90.0
90661879,30825, 36 months,11.4,1016.34,B,9 years,RENT,265000.0,Source Verified,debt_consolidation,22.9,0.0,2006-07-01,16.0,1.0,684,680,39843,87.0
21570592,35000, 60 months,15.6,843.9,D,6 years,RENT,175000.0,Verified,credit_card,11.32,0.0,1997-05-01,9.0,0.0,714,710,36491,97.0
4568881,21850, 60 months,18.7,563.8,D,10+ years,MORTGAGE,73673.0,Verified,home_improvement,26.18,0.0,1994-09-01,19.0,1.0,674,670,7648,79.0
38068337,8000, 36 months,6.0,243.49,A,10+ years,MORTGAGE,29000.0,Source Verified,credit_card,14.11,0.0,1995-05-01,14.0,0.0,664,660,15190,46.0
48354355,19600, 36 months,11.5,646.61,B,10+ years,MORTGAGE,56000.0,Source Verified,debt_consolidation,35.34,1.0,2002-10-01,9.0,0.0,674,670,11089,94.0
46633111,15000, 36 months,12.6,503.18,C,10+ years,MORTGAGE,100000.0,Not Verified,debt_consolidation,20.71,5.0,2001-04-01,19.0,0.0,664,660,14314,55.0
44886078,15000, 60 months,18.8,387.79,E,10+ years,MORTGAGE,92363.6,Verified,debt_consolidation,30.64,3.0,2004-05-01,22.0,0.0,674,670,16743,81.0
90265480,10000, 36 months,18.9,366.51,D,10+ years,MORTGAGE,60000.0,Verified,other,26.42,0.0,1989-04-01,34.0,1.0,674,670,9445,33.0
56058981,16000, 36 months,6.8,493.23,A,6 years,RENT,66000.0,Source Verified,credit_card,13.53,0.0,1984-05-01,8.0,1.0,684,680,5578,42.0
105333150,5500, 36 months,13.5,186.89,C,2 years,RENT,50000.0,Verified,debt_consolidation,24.65,0.0,2007-05-01,12.0,0.0,674,670,12484,55.0
104223223,15000, 36 months,7.4,466.53,A,10+ years,MORTGAGE,200000.0,Source Verified,credit_card,8.14,0.0,1990-08-01,9.0,1.0,764,760,3749,19.0
7088981,12000, 36 months,17.5,431.19,D,8 years,OWN,105000.0,Source Verified,debt_consolidation,18.08,0.0,2001-11-01,9.0,0.0,704,700,8822,84.0
140864771,15000, 36 months,11.0,491.51,B,,MORTGAGE,71000.0,Not Verified,credit_card,4.82,0.0,1988-02-01,7.0,1.0,699,695,9664,41.0
21400886,10300, 36 months,14.4,354.49,C,2 years,MORTGAGE,30000.0,Verified,credit_card,15.8,0.0,2002-08-01,7.0,0.0,684,680,5315,53.0
38509382,12225, 60 months,14.3,286.43,C,1 year,MORTGAGE,70000.0,Not Verified,other,14.97,1.0,1987-05-01,9.0,0.0,684,680,30052,91.0
112764319,20000, 60 months,30.6,655.08,F,10+ years,OWN,80000.0,Source Verified,debt_consolidation,20.72,0.0,1991-09-01,7.0,0.0,714,710,15932,58.0
22264376,16750, 36 months,14.4,576.47,C,3 years,MORTGAGE,40000.0,Verified,home_improvement,8.73,0.0,2004-12-01,22.0,0.0,689,685,11708,42.0
40582639,10000, 36 months,11.4,329.48,B,3 years,RENT,137555.0,Source Verified,credit_card,5.98,0.0,2000-12-01,5.0,0.0,694,690,3594,94.0
95098102,3000, 36 months,10.4,97.5,B,5 years,RENT,24000.0,Verified,debt_consolidation,25.05,0.0,2002-05-01,6.0,1.0,714,710,1342,26.0
20069790,12000, 36 months,6.4,367.74,A,9 years,MORTGAGE,63000.0,Not Verified,debt_consolidation,18.55,0.0,2005-05-01,7.0,0.0,719,715,7840,52.0
52959387,22000, 36 months,7.8,688.29,A,6 years,MORTGAGE,115000.0,Source Verified,debt_consolidation,19.35,0.0,1992-05-01,13.0,0.0,689,685,128973,64.0
116884187,17000, 60 months,16.0,413.59,C,10+ years,RENT,96000.0,Source Verified,debt_consolidation,13.08,1.0,1998-03-01,11.0,0.0,664,660,12382,63.0
61962594,12800, 36 months,9.9,412.96,B,8 years,RENT,65000.0,Source Verified,debt_consolidation,2.77,0.0,2005-10-01,7.0,0.0,679,675,8326,20.0
6394956,12000, 36 months,10.6,390.83,B,10+ years,MORTGAGE,80000.0,Verified,debt_consolidation,8.4,0.0,2004-02-01,7.0,0.0,724,720,5497,41.0
51967720,4825, 36 months,18.5,175.77,E,7 years,RENT,80000.0,Source Verified,small_business,6.02,0.0,2003-09-01,12.0,0.0,684,680,2205,26.0
75285587,32000, 60 months,17.2,799.94,D,1 year,MORTGAGE,128370.0,Source Verified,debt_consolidation,13.48,0.0,2002-08-01,18.0,0.0,694,690,19878,57.0
109717814,6375, 36 months,9.4,204.04,B,6 years,RENT,90000.0,Source Verified,debt_consolidation,17.68,0.0,1999-12-01,9.0,1.0,734,730,1554,42.0
67849645,35000, 36 months,14.4,1204.4,C,2 years,RENT,100000.0,Verified,credit_card,33.9,1.0,2001-07-01,15.0,1.0,694,690,7449,35.0
5594831,9100, 36 months,18.7,332.43,D,8 years,RENT,41200.0,Not Verified,credit_card,22.31,0.0,1995-10-01,10.0,0.0,669,665,7036,55.0
129511645,30000, 36 months,15.0,1040.55,C,10+ years,RENT,140000.0,Source Verified,credit_card,13.83,0.0,2013-05-01,8.0,0.0,669,665,27299,65.0
81346815,20000, 36 months,10.9,654.68,B,10+ years,OWN,130000.0,Source Verified,credit_card,10.34,0.0,2001-01-01,10.0,0.0,669,665,15715,61.0
87033295,12000, 36 months,8.5,379.32,A,< 1 year,MORTGAGE,95000.0,Not Verified,credit_card,16.79,0.0,2006-07-01,10.0,0.0,724,720,16336,48.0
115404623,12000, 60 months,16.0,291.95,C,< 1 year,OWN,75000.0,Source Verified,debt_consolidation,9.27,1.0,1994-04-01,4.0,1.0,664,660,7283,89.0
1297153,12000, 36 months,13.1,404.97,B,2 years,RENT,45000.0,Source Verified,debt_consolidation,10.35,0.0,2006-06-01,6.0,0.0,704,700,3947,50.0
4455192,10625, 36 months,14.3,364.85,C,10+ years,MORTGAGE,31000.0,Not Verified,credit_card,15.52,0.0,1997-06-01,7.0,1.0,674,670,12291,63.0
10129356,11000, 36 months,14.4,378.47,C,6 years,RENT,62000.0,Source Verified,credit_card,10.72,0.0,2002-08-01,13.0,1.0,679,675,4023,23.0
77815128,16000, 60 months,18.9,414.97,D,7 years,RENT,125000.0,Source Verified,debt_consolidation,21.38,0.0,1998-10-01,13.0,0.0,694,690,22401,59.0
11445751,3350, 36 months,18.2,121.54,D,1 year,RENT,46200.0,Source Verified,house,34.99,0.0,1998-03-01,23.0,0.0,684,680,3205,76.0
68821443,21000, 36 months,7.4,653.14,A,1 year,MORTGAGE,72200.0,Not Verified,debt_consolidation,34.67,0.0,1998-06-01,10.0,0.0,714,710,13495,42.0
96513241,20000, 36 months,11.4,659.43,B,8 years,RENT,68000.0,Not Verified,debt_consolidation,18.53,0.0,2003-01-01,23.0,1.0,694,690,11197,49.0
16662075,16000, 60 months,13.9,372.13,C,,OWN,115000.0,Source Verified,debt_consolidation,15.03,3.0,1985-12-01,16.0,0.0,699,695,13287,62.0
55250243,10000, 36 months,10.9,327.34,B,9 years,RENT,42715.0,Not Verified,debt_consolidation,27.06,0.0,2006-04-01,11.0,0.0,689,685,13854,69.0
79131574,14000, 36 months,5.3,421.61,A,10+ years,MORTGAGE,120000.0,Not Verified,home_improvement,12.25,0.0,1985-04-01,18.0,0.0,844,840,16555,13.0
100061961,6000, 36 months,12.7,201.42,C,10+ years,RENT,60000.0,Not Verified,credit_card,20.62,0.0,2001-11-01,8.0,0.0,689,685,21973,93.0
127207618,7000, 36 months,9.4,224.04,B,2 years,RENT,50000.0,Not Verified,debt_consolidation,1.25,0.0,2005-09-01,11.0,0.0,674,670,2181,5.0
102414904,8400, 36 months,8.2,264.16,B,2 years,RENT,47000.0,Not Verified,credit_card,18.08,0.0,2010-09-01,9.0,0.0,724,720,1638,8.0
51045434,20000, 36 months,6.8,616.54,A,10+ years,RENT,100000.0,Source Verified,credit_card,13.09,1.0,1989-07-01,11.0,0.0,684,680,35731,50.0
131920233,5000, 36 months,20.3,186.82,D,10+ years,RENT,75000.0,Verified,debt_consolidation,25.04,0.0,2005-07-01,14.0,0.0,684,680,23845,79.0
17393020,7000, 36 months,14.4,240.92,C,3 years,RENT,145000.0,Not Verified,debt_consolidation,4.26,2.0,2000-11-01,8.0,0.0,664,660,4204,27.0
7098150,35000, 60 months,24.8,1025.05,F,1 year,RENT,86000.0,Source Verified,debt_consolidation,24.32,0.0,1995-08-01,11.0,0.0,699,695,28893,48.0
68376471,35000, 36 months,9.0,1126.07,B,5 years,MORTGAGE,110000.0,Source Verified,credit_card,29.45,0.0,1998-03-01,13.0,0.0,774,770,23353,53.0
115417830,20000, 36 months,11.9,664.2,B,3 years,OWN,80000.0,Not Verified,credit_card,32.08,0.0,2008-12-01,15.0,0.0,754,750,18421,17.0
18966236,7200, 36 months,6.4,220.65,A,4 years,MORTGAGE,39000.0,Not Verified,credit_card,6.15,0.0,2002-08-01,6.0,0.0,754,750,7244,33.0
129067436,15000, 36 months,6.0,456.88,A,9 years,MORTGAGE,106211.0,Source Verified,credit_card,21.67,1.0,2000-12-01,18.0,0.0,694,690,16734,53.0
40930811,7550, 36 months,15.6,263.99,D,10+ years,MORTGAGE,53000.0,Verified,debt_consolidation,3.15,0.0,2006-10-01,4.0,5.0,664,660,1910,83.0
51896992,4900, 36 months,12.6,164.37,C,7 years,MORTGAGE,80000.0,Not Verified,debt_consolidation,16.47,2.0,1989-09-01,10.0,0.0,669,665,15825,85.0
3095685,35000, 60 months,17.7,884.4,D,2 years,RENT,80000.0,Verified,debt_consolidation,27.18,0.0,1989-02-01,9.0,0.0,709,705,31479,57.0
57398419,14850, 36 months,8.1,466.58,B,10+ years,MORTGAGE,50000.0,Source Verified,debt_consolidation,23.45,0.0,2005-09-01,12.0,0.0,729,725,15077,47.0
128699411,8000, 36 months,16.0,281.34,C,10+ years,OWN,37700.0,Source Verified,debt_consolidation,22.09,0.0,2000-08-01,4.0,0.0,734,730,2556,73.0
28182552,20000, 36 months,14.4,688.33,C,2 years,RENT,95000.0,Verified,debt_consolidation,8.5,0.0,2005-09-01,16.0,0.0,664,660,16242,36.0
51878006,6600, 36 months,11.5,217.74,B,9 years,RENT,42000.0,Source Verified,debt_consolidation,6.2,0.0,2002-11-01,23.0,0.0,679,675,4491,51.0
90187656,16800, 36 months,5.3,505.93,A,10+ years,MORTGAGE,105000.0,Not Verified,credit_card,8.06,0.0,2000-05-01,12.0,0.0,774,770,16203,36.0
65845137,5000, 36 months,9.7,160.78,B,,RENT,30000.0,Source Verified,debt_consolidation,11.72,0.0,2004-12-01,7.0,0.0,669,665,8058,52.0
22311937,19075, 60 months,16.9,473.97,D,6 years,RENT,54300.0,Source Verified,debt_consolidation,28.29,0.0,2003-09-01,17.0,0.0,694,690,24424,54.0
63651572,7200, 36 months,13.1,243.23,C,2 years,RENT,60000.0,Source Verified,medical,4.33,0.0,2007-10-01,8.0,0.0,669,665,9309,70.0
117576063,28800, 36 months,19.0,1056.14,D,2 years,MORTGAGE,70000.0,Not Verified,home_improvement,35.21,0.0,2005-09-01,16.0,0.0,704,700,19805,57.0
95091287,20000, 60 months,17.9,507.76,D,10+ years,MORTGAGE,46000.0,Not Verified,debt_consolidation,19.54,0.0,2002-07-01,11.0,0.0,724,720,23854,80.0
39660863,15000, 60 months,17.8,379.76,D,8 years,MORTGAGE,60000.0,Source Verified,debt_consolidation,26.66,0.0,2007-09-01,17.0,0.0,669,665,16196,58.0
8045259,20000, 36 months,17.0,714.06,C,10+ years,MORTGAGE,90000.0,Verified,debt_consolidation,22.68,0.0,1999-12-01,11.0,0.0,674,670,32663,95.0
63159834,10000, 36 months,12.2,333.53,C,10+ years,MORTGAGE,21600.0,Source Verified,home_improvement,21.33,0.0,1988-09-01,7.0,0.0,704,700,11411,66.0
66641051,12000, 36 months,5.3,361.38,A,10+ years,MORTGAGE,30000.0,Source Verified,debt_consolidation,28.36,0.0,1989-06-01,16.0,2.0,769,765,2439,4.0
55472579,15000, 36 months,14.6,517.42,C,1 year,RENT,48000.0,Source Verified,debt_consolidation,22.05,0.0,2004-09-01,19.0,0.0,704,700,7312,29.0
55260743,5600, 36 months,10.9,183.32,B,3 years,MORTGAGE,43000.0,Not Verified,credit_card,12.87,0.0,2007-02-01,9.0,1.0,679,675,4682,37.0
67278964,6000, 36 months,12.5,200.99,C,6 years,MORTGAGE,40000.0,Source Verified,home_improvement,24.53,0.0,2006-08-01,16.0,0.0,689,685,8215,52.0
116252970,8000, 36 months,7.3,248.3,A,10+ years,MORTGAGE,90000.0,Not Verified,debt_consolidation,9.36,0.0,1978-09-01,14.0,0.0,789,785,1321,3.0
96498382,18000, 36 months,13.9,615.11,C,,MORTGAGE,68000.0,Source Verified,debt_consolidation,17.47,0.0,1993-12-01,12.0,0.0,684,680,7740,67.0
123963247,10000, 60 months,14.0,233.1,C,2 years,RENT,35000.0,Source Verified,debt_consolidation,7.21,0.0,2006-06-01,9.0,1.0,739,735,3425,9.0
59572939,7000, 36 months,6.2,213.72,A,10+ years,RENT,80000.0,Verified,debt_consolidation,17.57,0.0,2007-10-01,14.0,0.0,704,700,9666,38.0
80760108,12000, 36 months,11.9,398.52,C,10+ years,MORTGAGE,70000.0,Not Verified,home_improvement,22.97,0.0,1979-11-01,11.0,0.0,739,735,5829,26.0
70152568,20000, 36 months,13.4,678.13,C,10+ years,MORTGAGE,97500.0,Not Verified,home_improvement,16.78,0.0,1976-07-01,14.0,0.0,669,665,25116,89.0
56081695,15125, 60 months,20.9,409.1,E,10+ years,MORTGAGE,65000.0,Source Verified,debt_consolidation,22.58,0.0,1996-10-01,12.0,0.0,729,725,24208,48.0
34953641,5000, 36 months,8.1,157.13,A,10+ years,MORTGAGE,52000.0,Verified,other,28.92,1.0,2001-02-01,7.0,0.0,709,705,3351,22.0
767598,15775, 36 months,10.9,516.38,B,< 1 year,RENT,45000.0,Source Verified,debt_consolidation,24.08,0.0,1999-12-01,11.0,0.0,714,710,18503,86.0
82227156,10000, 36 months,7.5,311.48,A,4 years,RENT,26000.0,Verified,credit_card,13.67,0.0,2001-01-01,14.0,0.0,694,690,10974,31.0
32349482,7000, 36 months,13.9,239.18,C,10+ years,MORTGAGE,42000.0,Verified,debt_consolidation,39.6,0.0,1999-09-01,8.0,0.0,669,665,4792,74.0
107255961,7000, 36 months,12.7,234.99,C,10+ years,MORTGAGE,36000.0,Source Verified,debt_consolidation,6.63,0.0,2003-11-01,8.0,1.0,669,665,4546,48.0
117278836,20000, 36 months,10.4,649.3,B,10+ years,MORTGAGE,90000.0,Source Verified,debt_consolidation,17.04,1.0,1993-08-01,22.0,0.0,694,690,34999,33.0
23232884,25000, 36 months,13.9,854.2,C,10+ years,MORTGAGE,75478.0,Verified,debt_consolidation,32.63,0.0,1994-05-01,20.0,0.0,684,680,22228,55.0
497517,5500, 36 months,7.8,172.05,A,< 1 year,RENT,60000.0,Not Verified,credit_card,22.78,0.0,1998-09-01,13.0,0.0,744,740,5275,87.0
3195580,10000, 36 months,8.0,317.54,A,< 1 year,RENT,65000.0,Not Verified,debt_consolidation,4.98,0.0,1998-01-01,6.0,0.0,729,725,8802,41.0
59259473,30000, 36 months,16.9,1069.44,D,4 years,RENT,137000.0,Verified,debt_consolidation,19.72,0.0,2007-06-01,13.0,0.0,684,680,37521,66.0
76322010,24000, 60 months,13.6,554.35,C,4 years,OWN,55000.0,Verified,credit_card,35.35,0.0,1979-01-01,16.0,0.0,694,690,36952,72.0
42001267,12000, 36 months,11.5,395.89,B,10+ years,RENT,77000.0,Source Verified,debt_consolidation,26.99,0.0,1987-11-01,11.0,1.0,674,670,19824,82.0
5948504,28000, 36 months,7.6,872.52,A,3 years,MORTGAGE,119000.0,Verified,debt_consolidation,13.75,0.0,1971-01-01,7.0,0.0,769,765,30718,62.0
10129131,35000, 36 months,16.2,1234.65,C,5 years,RENT,153030.0,Verified,debt_consolidation,14.12,0.0,2007-09-01,6.0,5.0,684,680,7799,65.0
96781145,11000, 36 months,7.2,340.86,A,10+ years,RENT,57000.0,Not Verified,credit_card,21.03,0.0,2002-01-01,13.0,0.0,744,740,14542,36.0
42612302,3250, 36 months,16.5,115.15,D,1 year,MORTGAGE,20000.0,Not Verified,debt_consolidation,36.91,0.0,2000-04-01,9.0,0.0,679,675,6628,50.0
374940,15000, 36 months,11.8,497.46,B,10+ years,MORTGAGE,150000.0,Source Verified,credit_card,6.78,0.0,1992-03-01,10.0,0.0,754,750,24055,54.0
1352370,4800, 36 months,12.1,159.71,B,7 years,MORTGAGE,65000.0,Verified,debt_consolidation,32.48,0.0,1999-08-01,15.0,0.0,699,695,28332,80.0
68580219,8850, 36 months,19.4,326.56,E,2 years,RENT,37440.0,Source Verified,debt_consolidation,21.83,0.0,2007-06-01,6.0,0.0,684,680,3201,29.0
115351209,40000, 36 months,5.3,1204.6,A,10+ years,MORTGAGE,950000.0,Verified,debt_consolidation,5.6,0.0,1986-10-01,15.0,0.0,769,765,49859,23.0
8584874,8000, 36 months,18.5,291.44,D,5 years,MORTGAGE,60000.0,Verified,debt_consolidation,3.92,0.0,1992-03-01,3.0,1.0,709,705,153,0.0
137809513,5000, 36 months,17.9,180.69,D,10+ years,MORTGAGE,102000.0,Not Verified,car,37.14,2.0,1983-06-01,18.0,0.0,679,675,11009,61.0
1193614,14825, 36 months,12.1,493.26,B,2 years,RENT,30000.0,Verified,credit_card,20.76,0.0,2001-05-01,7.0,0.0,699,695,17563,82.0
15499813,13000, 36 months,10.9,425.55,B,10+ years,MORTGAGE,60000.0,Not Verified,credit_card,31.72,0.0,1996-08-01,12.0,0.0,724,720,10410,46.0
73313173,10000, 36 months,11.9,332.1,C,4 years,RENT,34644.0,Verified,debt_consolidation,18.82,0.0,2006-02-01,10.0,1.0,664,660,7176,39.0
50497142,6600, 36 months,7.8,206.49,A,,MORTGAGE,80000.0,Verified,credit_card,17.36,1.0,1986-03-01,14.0,0.0,684,680,17330,55.0
7705558,33425, 60 months,15.6,805.93,C,,MORTGAGE,75000.0,Verified,debt_consolidation,20.69,0.0,1967-07-01,12.0,0.0,719,715,38014,64.0
52008025,12000, 36 months,11.5,395.89,B,< 1 year,RENT,30000.0,Not Verified,credit_card,27.12,0.0,2007-09-01,5.0,0.0,699,695,11758,63.0
22351921,6500, 36 months,10.1,210.2,B,7 years,RENT,46000.0,Source Verified,credit_card,32.92,0.0,1995-10-01,13.0,0.0,719,715,14818,42.0
54513337,12000, 60 months,11.5,264.1,B,9 years,RENT,60549.0,Source Verified,debt_consolidation,15.44,0.0,1999-12-01,8.0,0.0,714,710,9000,55.0
77168358,6000, 36 months,10.7,195.73,B,< 1 year,MORTGAGE,78000.0,Source Verified,home_improvement,15.86,0.0,1997-10-01,15.0,0.0,689,685,12747,34.0
51907590,8000, 36 months,9.1,255.04,B,< 1 year,RENT,56000.0,Source Verified,credit_card,29.41,0.0,1998-11-01,12.0,1.0,674,670,9642,94.0
824461,2000, 36 months,5.4,60.32,A,4 years,RENT,68500.0,Not Verified,car,5.19,0.0,1987-08-01,6.0,0.0,819,815,630,3.0
77178436,30000, 60 months,9.7,633.73,B,10+ years,MORTGAGE,120000.0,Source Verified,debt_consolidation,11.79,0.0,1990-07-01,9.0,1.0,719,715,17418,55.0
58120206,13500, 36 months,9.9,435.55,B,2 years,RENT,70000.0,Source Verified,credit_card,8.35,0.0,2001-08-01,20.0,0.0,684,680,13123,97.0
8126835,28000, 36 months,12.9,943.3,B,6 years,MORTGAGE,125000.0,Source Verified,debt_consolidation,16.22,0.0,2001-09-01,8.0,0.0,689,685,12533,64.0
25366326,8000, 36 months,9.1,255.04,B,2 years,MORTGAGE,80000.0,Not Verified,debt_consolidation,14.72,0.0,1999-01-01,22.0,0.0,704,700,8958,28.0
43430090,20000, 60 months,10.9,434.75,B,1 year,MORTGAGE,80000.0,Source Verified,debt_consolidation,12.02,0.0,2010-10-01,7.0,0.0,689,685,13673,79.0
78719490,5000, 36 months,14.4,172.01,C,1 year,RENT,55000.0,Source Verified,credit_card,25.9,1.0,2004-11-01,10.0,0.0,704,700,5577,25.0
51897542,28575, 60 months,23.9,821.88,F,5 years,MORTGAGE,100000.0,Source Verified,other,21.22,0.0,2007-09-01,20.0,0.0,709,705,9318,31.0
68781263,25000, 60 months,8.4,512.8,B,8 years,MORTGAGE,114000.0,Not Verified,credit_card,13.36,1.0,1995-02-01,17.0,1.0,714,710,25809,36.0
64792521,25000, 60 months,8.1,509.07,B,,OWN,60000.0,Not Verified,debt_consolidation,9.8,1.0,1978-03-01,13.0,0.0,734,730,14747,27.0
53894244,20000, 36 months,6.2,610.62,A,4 years,MORTGAGE,225000.0,Source Verified,credit_card,20.78,0.0,1996-12-01,23.0,0.0,769,765,96902,18.0
23824836,6000, 36 months,11.6,198.35,B,10+ years,MORTGAGE,120000.0,Not Verified,credit_card,14.37,0.0,1991-12-01,10.0,0.0,684,680,28770,91.0
6575775,5000, 36 months,16.7,177.72,C,10+ years,RENT,60000.0,Verified,debt_consolidation,19.26,0.0,1994-03-01,10.0,0.0,704,700,15232,44.0
3153099,4800, 36 months,13.1,161.99,B,4 years,RENT,38000.0,Verified,debt_consolidation,18.12,0.0,1993-08-01,12.0,0.0,704,700,6427,26.0
17182955,21000, 36 months,8.3,661.85,A,3 years,MORTGAGE,115000.0,Source Verified,debt_consolidation,6.56,0.0,1996-05-01,17.0,0.0,744,740,17440,34.0
84997291,3000, 36 months,23.9,117.69,E,,RENT,12444.0,Verified,debt_consolidation,8.87,0.0,1991-04-01,8.0,1.0,694,690,2593,35.0
6726978,10000, 60 months,22.0,280.19,E,< 1 year,RENT,130000.0,Verified,debt_consolidation,18.68,1.0,1996-11-01,13.0,1.0,664,660,7681,77.0
12525230,2000, 36 months,19.4,73.79,D,< 1 year,RENT,42700.0,Source Verified,debt_consolidation,8.85,0.0,1996-08-01,10.0,0.0,664,660,12107,42.0
95346585,7000, 36 months,11.4,230.64,B,1 year,RENT,40000.0,Source Verified,debt_consolidation,5.52,0.0,2009-09-01,3.0,0.0,704,700,5307,61.0
46762397,22000, 36 months,5.9,668.59,A,2 years,RENT,75000.0,Source Verified,credit_card,21.94,0.0,1997-07-01,18.0,0.0,719,715,35221,59.0
128314092,8475, 36 months,10.9,277.1,B,2 years,RENT,66000.0,Not Verified,debt_consolidation,9.64,0.0,2009-07-01,9.0,0.0,684,680,7370,53.0
120272685,30000, 36 months,10.9,980.89,B,1 year,MORTGAGE,180000.0,Source Verified,debt_consolidation,7.41,0.0,2007-02-01,7.0,0.0,689,685,4383,35.0
1103174,10000, 36 months,11.7,330.76,B,1 year,OWN,40000.0,Source Verified,credit_card,21.18,0.0,2006-10-01,8.0,0.0,694,690,7579,34.0
68794566,16800, 36 months,13.9,574.11,C,10+ years,MORTGAGE,69000.0,Verified,debt_consolidation,30.12,1.0,2004-03-01,8.0,0.0,674,670,3132,73.0
96852736,5000, 36 months,11.4,164.86,B,10+ years,MORTGAGE,35000.0,Verified,medical,14.68,0.0,2005-01-01,6.0,1.0,674,670,6111,84.0
108825403,2700, 36 months,5.3,81.31,A,,MORTGAGE,54000.0,Not Verified,debt_consolidation,8.71,0.0,2002-11-01,10.0,0.0,729,725,3114,9.0
92240733,8500, 36 months,13.4,288.41,C,10+ years,RENT,46126.0,Not Verified,other,14.49,1.0,2006-06-01,9.0,0.0,689,685,7932,35.0
7695004,7200, 36 months,19.5,265.83,D,7 years,RENT,30000.0,Not Verified,debt_consolidation,8.0,0.0,1999-10-01,6.0,0.0,694,690,5790,73.0
14498509,2125, 36 months,16.5,75.33,D,10+ years,MORTGAGE,120000.0,Source Verified,other,11.66,0.0,1986-10-01,10.0,1.0,674,670,1898,26.0
17814421,33000, 60 months,14.4,776.27,C,7 years,RENT,75000.0,Source Verified,credit_card,9.63,0.0,2006-08-01,6.0,0.0,699,695,11505,57.0
70281116,24000, 36 months,11.4,791.2,B,1 year,MORTGAGE,120000.0,Source Verified,debt_consolidation,12.56,0.0,2001-04-01,16.0,0.0,674,670,26783,60.0
102634832,5000, 36 months,12.7,167.85,C,10+ years,MORTGAGE,39000.0,Verified,home_improvement,27.23,0.0,1997-05-01,14.0,1.0,664,660,9744,39.0
1425275,10000, 36 months,14.3,343.39,C,10+ years,MORTGAGE,32000.0,Not Verified,debt_consolidation,12.6,0.0,1996-12-01,11.0,0.0,674,670,14177,58.0
46612954,29975, 60 months,23.9,862.15,F,8 years,RENT,100000.0,Source Verified,debt_consolidation,11.3,1.0,1996-03-01,10.0,0.0,689,685,2049,39.0
42345395,10500, 36 months,5.9,319.1,A,10+ years,MORTGAGE,88536.95,Not Verified,credit_card,13.28,0.0,1997-09-01,7.0,0.0,694,690,20580,89.0
78790458,23000, 36 months,9.1,733.11,B,10+ years,MORTGAGE,55000.0,Source Verified,credit_card,17.87,0.0,2003-09-01,16.0,0.0,679,675,28548,58.0
60924719,32200, 36 months,9.9,1038.86,B,< 1 year,MORTGAGE,73000.0,Verified,home_improvement,35.85,0.0,1988-08-01,14.0,0.0,734,730,8374,24.0
76394099,20000, 36 months,6.9,617.27,A,10+ years,OWN,95967.0,Source Verified,debt_consolidation,21.75,0.0,1996-05-01,16.0,0.0,729,725,24861,30.0
1483407,4975, 36 months,12.1,165.53,B,4 years,MORTGAGE,24192.0,Verified,debt_consolidation,32.59,0.0,1999-01-01,13.0,0.0,699,695,9496,90.0
131983947,10000, 60 months,20.3,267.12,D,4 years,RENT,33000.0,Verified,debt_consolidation,3.38,0.0,2012-02-01,7.0,0.0,684,680,0,0.0
52048451,12000, 36 months,11.5,395.89,B,7 years,MORTGAGE,85000.0,Not Verified,other,21.71,6.0,1984-03-01,13.0,0.0,664,660,16544,81.0
65811421,15000, 60 months,9.1,312.62,B,4 years,MORTGAGE,52350.0,Not Verified,debt_consolidation,15.31,0.0,2006-06-01,8.0,0.0,749,745,7862,40.0
3538056,24000, 36 months,6.6,736.89,A,6 years,MORTGAGE,99750.0,Verified,debt_consolidation,11.36,0.0,1994-03-01,13.0,0.0,729,725,29417,63.0
118651715,22500, 60 months,10.4,482.73,B,10+ years,MORTGAGE,200000.0,Source Verified,home_improvement,9.2,0.0,2005-12-01,6.0,0.0,759,755,15322,37.0
35116398,8400, 36 months,11.4,276.76,B,2 years,MORTGAGE,45000.0,Source Verified,debt_consolidation,12.61,1.0,2005-08-01,5.0,0.0,669,665,8387,95.0
50575685,8550, 36 months,16.9,304.79,D,3 years,RENT,73900.0,Verified,debt_consolidation,13.56,5.0,2001-06-01,8.0,1.0,664,660,258,2.0
60760124,8400, 36 months,8.1,263.93,B,10+ years,MORTGAGE,44451.0,Not Verified,debt_consolidation,20.44,0.0,2006-05-01,14.0,0.0,704,700,12323,48.0
59189668,24000, 60 months,8.1,488.71,B,2 years,MORTGAGE,160000.0,Not Verified,credit_card,11.78,0.0,1996-10-01,13.0,0.0,699,695,24024,47.0
6597764,19575, 60 months,21.1,531.23,E,10+ years,MORTGAGE,62000.0,Verified,debt_consolidation,21.0,1.0,2000-02-01,10.0,0.0,709,705,23858,84.0
7720009,20000, 36 months,6.0,608.72,A,1 year,MORTGAGE,65000.0,Source Verified,credit_card,15.55,0.0,1996-10-01,8.0,0.0,719,715,23794,79.0
116271798,20000, 36 months,5.3,602.3,A,10+ years,MORTGAGE,95000.0,Not Verified,debt_consolidation,12.95,0.0,1998-05-01,9.0,0.0,779,775,17814,28.0
121814975,8000, 36 months,7.9,250.59,A,7 years,RENT,60000.0,Not Verified,credit_card,4.38,3.0,2006-09-01,9.0,0.0,724,720,7241,13.0
57255596,7425, 36 months,13.9,253.74,C,10+ years,RENT,30000.0,Source Verified,debt_consolidation,14.08,0.0,2006-10-01,6.0,0.0,779,775,704,10.0
12388605,12975, 36 months,18.2,470.71,D,1 year,RENT,78000.0,Verified,debt_consolidation,21.57,1.0,2002-01-01,7.0,0.0,684,680,5631,57.0
99252270,12000, 60 months,22.7,336.5,E,4 years,MORTGAGE,60000.0,Verified,home_improvement,4.09,0.0,2004-01-01,6.0,0.0,694,690,7976,51.0
62257442,5000, 36 months,8.1,157.1,B,10+ years,MORTGAGE,53100.0,Not Verified,other,22.8,0.0,1992-02-01,7.0,0.0,734,730,21257,96.0
88819084,15000, 36 months,10.9,491.01,B,3 years,RENT,70000.0,Source Verified,debt_consolidation,14.49,1.0,2001-11-01,8.0,0.0,684,680,8200,65.0
65824245,16000, 36 months,7.8,500.58,A,1 year,RENT,65000.0,Verified,debt_consolidation,15.03,0.0,1999-03-01,7.0,0.0,709,705,17199,68.0
24655084,18000, 36 months,10.9,589.22,B,10+ years,MORTGAGE,172000.0,Verified,debt_consolidation,14.79,0.0,2000-12-01,15.0,0.0,689,685,74250,67.0
5650257,10825, 36 months,10.1,350.11,B,9 years,RENT,89000.0,Not Verified,debt_consolidation,8.01,0.0,1994-10-01,13.0,1.0,734,730,7465,22.0
68433614,9000, 36 months,10.7,293.72,B,2 years,RENT,52000.0,Source Verified,debt_consolidation,26.47,1.0,2007-02-01,12.0,0.0,669,665,4779,47.0
83736009,8000, 36 months,7.9,250.66,A,10+ years,OWN,80000.0,Not Verified,debt_consolidation,7.17,0.0,1999-04-01,10.0,0.0,694,690,10973,80.0
106774591,22550, 60 months,25.4,668.37,E,3 years,MORTGAGE,47000.0,Not Verified,debt_consolidation,21.6,0.0,2006-09-01,8.0,0.0,689,685,26408,56.0
91406531,21000, 60 months,14.9,499.48,C,10+ years,RENT,100000.0,Not Verified,small_business,9.13,0.0,2010-11-01,12.0,0.0,734,730,3979,11.0
103498817,10550, 60 months,11.4,231.97,B,10+ years,MORTGAGE,76000.0,Not Verified,home_improvement,25.9,0.0,1998-09-01,13.0,0.0,739,735,13165,56.0
796502,12400, 60 months,17.9,314.82,E,,RENT,75000.0,Verified,debt_consolidation,9.63,0.0,2003-05-01,8.0,0.0,709,705,7823,46.0
58522672,10000, 60 months,17.5,251.61,D,< 1 year,OWN,105000.0,Source Verified,debt_consolidation,8.93,0.0,2001-11-01,12.0,1.0,664,660,8863,60.0
90094009,16000, 36 months,15.5,559.28,C,5 years,RENT,149000.0,Not Verified,debt_consolidation,6.5,0.0,1995-07-01,5.0,0.0,764,760,20299,73.0
1343976,30000, 36 months,18.2,1088.34,D,10+ years,MORTGAGE,87000.0,Verified,credit_card,21.28,1.0,1992-10-01,13.0,0.0,699,695,25346,80.0
46727131,10000, 60 months,18.2,255.3,E,10+ years,RENT,32000.0,Source Verified,debt_consolidation,34.62,0.0,2005-06-01,12.0,0.0,709,705,9672,38.0
43739945,12000, 36 months,13.3,406.24,C,1 year,RENT,80000.0,Source Verified,major_purchase,24.24,0.0,2001-01-01,9.0,0.0,769,765,4208,16.0
50416228,8600, 36 months,15.6,300.7,D,2 years,RENT,40000.0,Not Verified,debt_consolidation,16.17,0.0,2009-01-01,7.0,0.0,679,675,6049,79.0
63557881,9000, 36 months,20.9,339.03,E,,RENT,28182.12,Verified,other,15.25,0.0,2008-04-01,5.0,0.0,669,665,4999,54.0
11294747,14500, 36 months,7.6,451.84,A,6 years,RENT,84479.0,Not Verified,debt_consolidation,17.31,0.0,2004-08-01,12.0,0.0,699,695,20177,66.0
75973782,12500, 36 months,7.3,388.2,A,7 years,MORTGAGE,185000.0,Source Verified,debt_consolidation,19.3,0.0,1991-12-01,15.0,0.0,809,805,26676,44.0
125152470,10000, 36 months,9.9,322.35,B,4 years,RENT,34936.0,Source Verified,credit_card,22.36,0.0,2006-10-01,10.0,0.0,724,720,5435,24.0
87524710,30000, 36 months,13.4,1017.92,C,,MORTGAGE,86765.0,Verified,debt_consolidation,12.57,0.0,1988-06-01,14.0,0.0,679,675,19358,60.0
102377281,9000, 36 months,11.4,296.53,B,7 years,OWN,75000.0,Source Verified,credit_card,5.92,0.0,1989-04-01,10.0,1.0,684,680,14909,63.0
113180788,10000, 60 months,30.8,328.72,G,10+ years,OWN,53740.0,Verified,home_improvement,17.91,3.0,2000-05-01,8.0,0.0,674,670,985,65.0
1692982,15000, 36 months,21.9,572.71,E,< 1 year,RENT,40000.0,Source Verified,debt_consolidation,26.95,0.0,2004-03-01,27.0,0.0,694,690,11701,29.0
96372745,9000, 36 months,14.9,311.95,C,10+ years,MORTGAGE,62000.0,Source Verified,debt_consolidation,9.31,1.0,1998-02-01,11.0,1.0,664,660,8491,57.0
1084193,21000, 60 months,14.6,495.74,C,10+ years,MORTGAGE,62000.0,Source Verified,debt_consolidation,18.86,0.0,1986-01-01,14.0,0.0,729,725,30493,52.0
12685677,16000, 60 months,14.1,373.63,C,1 year,MORTGAGE,65000.0,Source Verified,credit_card,24.08,0.0,2001-02-01,12.0,0.0,689,685,18157,71.0
52808611,35000, 60 months,14.6,826.24,C,10+ years,MORTGAGE,145000.0,Verified,debt_consolidation,29.35,2.0,1994-06-01,19.0,0.0,699,695,39421,96.0
64852521,11000, 36 months,10.9,360.08,B,2 years,RENT,65000.0,Not Verified,debt_consolidation,36.6,0.0,2003-06-01,21.0,0.0,724,720,11123,35.0
96240621,4000, 36 months,18.9,146.61,D,< 1 year,RENT,60000.0,Source Verified,moving,11.6,0.0,2003-11-01,6.0,2.0,664,660,1711,30.0
112586921,19200, 60 months,14.0,447.55,C,5 years,OWN,64000.0,Verified,debt_consolidation,26.4,0.0,1996-10-01,15.0,0.0,714,710,17661,36.0
115233296,32000, 60 months,11.9,711.67,B,7 years,RENT,100000.0,Not Verified,major_purchase,9.03,0.0,2012-12-01,16.0,0.0,774,770,4893,12.0
83904299,6000, 36 months,11.4,197.83,B,10+ years,RENT,33000.0,Verified,credit_card,14.65,0.0,1998-09-01,10.0,1.0,679,675,5697,36.0
63957929,11000, 36 months,13.6,374.2,C,,OWN,39130.0,Verified,credit_card,12.94,0.0,1972-01-01,15.0,1.0,684,680,11301,32.0
133706043,12000, 36 months,21.8,457.36,D,10+ years,RENT,65000.0,Verified,credit_card,19.37,0.0,2005-08-01,13.0,0.0,679,675,4994,27.0
525746,4500, 36 months,11.8,149.17,B,2 years,RENT,45600.0,Not Verified,other,4.74,0.0,1996-11-01,9.0,0.0,694,690,4859,70.0
88312622,14000, 36 months,16.9,499.07,D,10+ years,MORTGAGE,45000.0,Source Verified,debt_consolidation,28.93,3.0,2001-07-01,12.0,0.0,689,685,14769,65.0
95351360,10000, 36 months,15.9,351.53,C,10+ years,MORTGAGE,63000.0,Verified,debt_consolidation,15.6,0.0,1997-04-01,8.0,0.0,719,715,3597,34.0
38646942,2875, 36 months,14.3,98.7,C,10+ years,RENT,72000.0,Source Verified,debt_consolidation,15.38,1.0,1985-09-01,18.0,1.0,664,660,14445,43.0
70060707,18700, 36 months,8.4,590.23,B,< 1 year,RENT,72000.0,Not Verified,credit_card,21.15,0.0,2001-05-01,21.0,0.0,719,715,19054,79.0
68053838,35000, 36 months,13.9,1196.05,C,5 years,OWN,150000.0,Source Verified,credit_card,5.55,0.0,2002-05-01,10.0,0.0,669,665,38086,64.0
40007547,8000, 36 months,12.3,267.21,C,,MORTGAGE,20500.0,Verified,debt_consolidation,23.36,0.0,1993-10-01,9.0,0.0,774,770,1179,9.0
63870069,15425, 36 months,6.8,475.51,A,8 years,RENT,53000.0,Source Verified,credit_card,29.95,0.0,2000-01-01,23.0,0.0,719,715,18681,22.0
32029516,12000, 60 months,10.9,260.85,B,8 years,RENT,50000.0,Source Verified,debt_consolidation,26.31,0.0,2001-12-01,21.0,1.0,729,725,8888,27.0
1058846,15000, 36 months,12.4,501.23,B,7 years,MORTGAGE,61000.0,Verified,debt_consolidation,17.35,0.0,2005-07-01,5.0,0.0,709,705,11926,86.0
69574863,12575, 36 months,11.4,414.56,B,< 1 year,MORTGAGE,100000.0,Source Verified,debt_consolidation,20.61,0.0,2003-08-01,8.0,0.0,664,660,18342,76.0
7093206,35000, 36 months,16.0,1233.96,C,< 1 year,MORTGAGE,90000.0,Source Verified,credit_card,17.5,1.0,1980-11-01,8.0,0.0,704,700,32130,58.0
3352042,20000, 36 months,14.3,686.77,C,10+ years,OWN,92374.13,Verified,home_improvement,6.52,0.0,2005-07-01,8.0,0.0,679,675,8582,54.0
85331584,8000, 36 months,8.5,252.88,A,10+ years,MORTGAGE,64000.0,Source Verified,major_purchase,3.11,0.0,2001-04-01,6.0,0.0,719,715,3298,15.0
67267305,5600, 36 months,10.6,182.39,B,< 1 year,RENT,32000.0,Source Verified,credit_card,18.19,0.0,2012-07-01,4.0,0.0,699,695,4482,95.0
3676060,20000, 36 months,12.1,665.44,B,,MORTGAGE,70000.0,Source Verified,debt_consolidation,24.27,0.0,1996-08-01,9.0,0.0,684,680,44542,73.0
41042352,16000, 36 months,5.9,486.25,A,< 1 year,MORTGAGE,88000.0,Source Verified,debt_consolidation,11.55,0.0,1999-08-01,8.0,0.0,769,765,8781,14.0
10066112,18725, 36 months,13.5,635.71,B,9 years,RENT,48000.0,Verified,debt_consolidation,26.9,1.0,2001-01-01,17.0,0.0,684,680,25506,57.0
61553871,15000, 36 months,5.3,451.73,A,2 years,MORTGAGE,99000.0,Not Verified,credit_card,12.57,0.0,1998-06-01,14.0,0.0,779,775,15017,16.0
88965282,5000, 36 months,8.9,158.98,B,6 years,MORTGAGE,80477.0,Source Verified,home_improvement,16.98,0.0,1999-08-01,9.0,0.0,689,685,11161,74.0
2298259,21000, 36 months,7.6,654.39,A,6 years,MORTGAGE,85800.0,Not Verified,house,7.07,0.0,2006-11-01,10.0,0.0,739,735,9507,18.0
137093599,3200, 36 months,11.0,104.86,B,1 year,RENT,55000.0,Not Verified,credit_card,4.8,0.0,2005-01-01,5.0,0.0,664,660,11229,64.0
63937769,15000, 36 months,6.2,457.97,A,10+ years,MORTGAGE,55000.0,Not Verified,credit_card,18.09,0.0,1995-12-01,20.0,0.0,744,740,16522,19.0
53161606,8000, 36 months,9.9,258.1,B,1 year,MORTGAGE,50000.0,Not Verified,credit_card,36.56,0.0,2003-09-01,18.0,0.0,694,690,18612,41.0
19466440,22000, 60 months,16.2,538.4,D,< 1 year,RENT,55000.0,Source Verified,debt_consolidation,28.53,0.0,1989-01-01,10.0,0.0,714,710,28515,76.0
20478795,27000, 60 months,11.6,596.11,B,10+ years,MORTGAGE,67684.0,Verified,debt_consolidation,25.5,0.0,2002-11-01,10.0,0.0,784,780,6939,18.0
70271762,15000, 36 months,7.3,465.84,A,,MORTGAGE,94116.0,Source Verified,credit_card,24.81,0.0,1995-02-01,10.0,1.0,689,685,27689,90.0
89010263,7500, 36 months,15.5,262.17,C,10+ years,RENT,138000.0,Source Verified,credit_card,13.0,2.0,2008-03-01,7.0,0.0,689,685,5944,42.0
26340460,10125, 36 months,20.0,377.32,E,3 years,RENT,36000.0,Verified,debt_consolidation,19.77,0.0,2008-06-01,21.0,0.0,669,665,6205,26.0
46805222,30000, 36 months,6.3,917.97,A,5 years,MORTGAGE,205000.0,Verified,debt_consolidation,19.34,0.0,1986-12-01,21.0,0.0,729,725,58693,43.0
57254180,32300, 36 months,18.2,1171.78,E,7 years,MORTGAGE,98000.0,Verified,debt_consolidation,3.27,0.0,2002-08-01,16.0,0.0,694,690,7505,28.0
39621314,8200, 36 months,13.6,278.91,C,7 years,RENT,40200.0,Source Verified,debt_consolidation,17.18,0.0,1986-08-01,14.0,1.0,674,670,8673,38.0
61371373,10000, 36 months,7.8,312.86,A,< 1 year,RENT,46000.0,Source Verified,other,4.53,0.0,2006-06-01,25.0,0.0,734,730,11874,11.0
64058165,3000, 36 months,12.5,100.5,C,10+ years,MORTGAGE,103000.0,Not Verified,other,35.91,0.0,2003-05-01,17.0,0.0,689,685,90237,88.0
127800501,10000, 36 months,13.5,339.79,C,10+ years,RENT,40000.0,Source Verified,credit_card,22.14,0.0,2003-05-01,12.0,0.0,694,690,17459,80.0
63506501,5600, 36 months,10.9,183.32,B,,OWN,13886.0,Verified,credit_card,35.52,0.0,1993-07-01,7.0,1.0,684,680,3832,31.0
60005690,35000, 60 months,19.9,927.1,E,10+ years,RENT,130000.0,Verified,debt_consolidation,13.21,0.0,2003-12-01,12.0,0.0,699,695,39379,65.0
109211206,24875, 36 months,13.5,845.23,C,2 years,RENT,90000.0,Source Verified,credit_card,16.56,13.0,2006-01-01,15.0,0.0,699,695,7634,30.0
57284269,2775, 36 months,19.1,101.99,E,10+ years,MORTGAGE,52000.0,Not Verified,other,10.96,2.0,2001-06-01,6.0,0.0,674,670,792,50.0
61542004,30000, 36 months,15.6,1048.95,D,10+ years,MORTGAGE,81000.0,Verified,debt_consolidation,18.37,0.0,1999-01-01,16.0,0.0,664,660,37605,91.0
129157171,4000, 36 months,10.4,129.85,B,10+ years,MORTGAGE,72000.0,Not Verified,other,9.13,0.0,2010-08-01,8.0,1.0,684,680,7268,47.0
65796694,14000, 36 months,9.9,451.68,B,2 years,RENT,74122.0,Source Verified,debt_consolidation,14.31,0.0,1988-03-01,9.0,0.0,694,690,13800,86.0
32489266,21075, 36 months,15.6,736.89,D,10+ years,MORTGAGE,48000.0,Verified,debt_consolidation,29.8,0.0,1991-08-01,19.0,0.0,704,700,49133,75.0
92523075,7000, 36 months,11.4,230.8,B,3 years,RENT,75000.0,Source Verified,debt_consolidation,20.14,0.0,2000-05-01,12.0,1.0,664,660,14610,61.0
134771982,14000, 60 months,12.1,312.35,B,3 years,MORTGAGE,36000.0,Verified,credit_card,13.23,0.0,2002-07-01,6.0,1.0,704,700,13687,36.0
117579193,10000, 36 months,9.9,322.35,B,6 years,OWN,35000.0,Verified,credit_card,53.7,1.0,2004-09-01,20.0,0.0,679,675,13250,48.0
55940793,9000, 36 months,6.8,277.45,A,10+ years,MORTGAGE,75000.0,Source Verified,credit_card,4.53,1.0,1998-04-01,13.0,0.0,699,695,9429,25.0
110038963,20000, 36 months,5.3,602.3,A,10+ years,MORTGAGE,140000.0,Not Verified,home_improvement,13.16,1.0,1995-02-01,17.0,0.0,789,785,25392,25.0
125166908,14150, 60 months,20.0,374.89,D,1 year,RENT,50000.0,Not Verified,debt_consolidation,16.59,0.0,2007-10-01,12.0,0.0,734,730,6419,28.0
96638678,3600, 36 months,8.2,113.21,B,1 year,RENT,55000.0,Source Verified,debt_consolidation,12.7,0.0,2004-12-01,9.0,1.0,694,690,6616,64.0
77180621,4000, 36 months,12.9,134.76,C,3 years,RENT,22000.0,Source Verified,debt_consolidation,12.66,0.0,2008-03-01,3.0,0.0,704,700,10107,92.0
65736047,9000, 36 months,9.1,286.92,B,4 years,OWN,40000.0,Verified,debt_consolidation,33.81,1.0,2006-07-01,7.0,0.0,709,705,6191,93.0
57305084,12000, 60 months,19.9,317.86,E,< 1 year,OWN,37400.0,Source Verified,debt_consolidation,21.57,1.0,2001-08-01,10.0,0.0,679,675,9904,61.0
60525739,8000, 36 months,7.8,250.29,A,6 years,MORTGAGE,60000.0,Source Verified,debt_consolidation,14.42,0.0,1996-12-01,7.0,1.0,669,665,7523,54.0
57783378,35000, 36 months,13.3,1184.86,C,9 years,RENT,83000.0,Verified,debt_consolidation,28.77,0.0,2001-03-01,14.0,0.0,719,715,49394,94.0
99962780,11200, 36 months,7.4,348.34,A,10+ years,MORTGAGE,74000.0,Verified,home_improvement,32.05,0.0,1987-05-01,18.0,0.0,694,690,22542,68.0
68942826,32000, 60 months,16.5,788.25,D,9 years,MORTGAGE,103000.0,Source Verified,credit_card,16.89,0.0,2003-06-01,17.0,0.0,699,695,31437,54.0
94023900,20000, 36 months,13.9,683.46,C,3 years,MORTGAGE,70000.0,Not Verified,debt_consolidation,9.91,1.0,1996-10-01,11.0,0.0,689,685,19928,71.0
63877666,30000, 36 months,16.5,1062.88,D,6 years,RENT,78000.0,Verified,debt_consolidation,23.62,0.0,2002-01-01,15.0,0.0,699,695,20247,75.0
4374669,10000, 36 months,17.2,357.88,C,10+ years,MORTGAGE,58000.0,Not Verified,debt_consolidation,18.81,1.0,1995-04-01,20.0,0.0,689,685,9417,57.0
10158952,10000, 60 months,21.4,273.25,E,3 years,RENT,32911.0,Verified,other,8.42,0.0,2003-02-01,21.0,2.0,684,680,4587,19.0
33190876,15000, 36 months,7.6,467.91,A,< 1 year,RENT,100000.0,Not Verified,debt_consolidation,8.53,1.0,2002-08-01,6.0,0.0,709,705,14252,69.0
87215211,14500, 36 months,5.3,436.67,A,2 years,MORTGAGE,130000.0,Not Verified,credit_card,19.5,0.0,1994-09-01,13.0,0.0,779,775,37084,25.0
85785278,7625, 36 months,13.4,258.72,C,6 years,OWN,19086.0,Verified,credit_card,19.56,0.0,1991-12-01,5.0,0.0,664,660,4032,65.0
71012670,10000, 36 months,11.4,329.62,B,10+ years,MORTGAGE,48000.0,Not Verified,other,26.6,0.0,2001-03-01,7.0,0.0,694,690,3796,13.0
14640079,10000, 36 months,7.0,312.91,A,9 years,MORTGAGE,90000.0,Not Verified,debt_consolidation,25.37,0.0,1996-11-01,10.0,0.0,734,730,15930,53.0
6707439,20000, 60 months,16.7,494.69,C,10+ years,MORTGAGE,54000.0,Verified,debt_consolidation,23.84,0.0,1995-08-01,10.0,0.0,679,675,19352,75.0
55291173,3825, 36 months,17.8,138.02,D,,RENT,12816.0,Verified,debt_consolidation,30.99,0.0,2004-08-01,7.0,0.0,674,670,8730,80.0
63437010,10000, 60 months,21.9,276.14,F,3 years,OWN,38000.0,Verified,other,8.38,0.0,2010-01-01,9.0,0.0,664,660,9396,56.0
32188828,3000, 36 months,8.3,94.55,A,,RENT,24000.0,Source Verified,debt_consolidation,4.0,0.0,1995-10-01,5.0,1.0,669,665,799,9.0
65444862,2400, 36 months,8.1,75.41,B,8 years,OWN,35000.0,Not Verified,home_improvement,28.53,0.0,2007-05-01,14.0,0.0,704,700,11403,74.0
39320671,16000, 60 months,14.9,380.56,C,10+ years,MORTGAGE,85000.0,Source Verified,other,12.42,0.0,2001-10-01,6.0,0.0,684,680,9824,81.0
84496468,12800, 60 months,10.9,278.24,B,10+ years,MORTGAGE,198000.0,Not Verified,major_purchase,14.81,0.0,1999-07-01,9.0,1.0,744,740,9470,34.0
12164906,30000, 36 months,10.9,982.02,B,10+ years,MORTGAGE,218400.0,Verified,debt_consolidation,10.24,0.0,1987-10-01,10.0,0.0,724,720,13703,43.0
92248572,30000, 36 months,19.9,1114.76,D,5 years,MORTGAGE,130000.0,Verified,debt_consolidation,17.67,0.0,1998-08-01,10.0,0.0,674,670,11375,54.0
57649449,35000, 36 months,18.2,1269.73,E,3 years,OWN,155000.0,Verified,home_improvement,1.71,0.0,2008-06-01,3.0,0.0,699,695,8102,85.0
91965248,12000, 36 months,11.4,395.66,B,< 1 year,RENT,85000.0,Source Verified,debt_consolidation,3.44,1.0,1999-08-01,8.0,0.0,694,690,6858,85.0
59181998,10000, 36 months,7.8,312.86,A,2 years,OWN,34800.0,Not Verified,debt_consolidation,30.69,0.0,1999-11-01,15.0,0.0,714,710,6245,14.0
113881364,21000, 60 months,17.0,522.93,D,10+ years,RENT,100000.0,Source Verified,debt_consolidation,5.15,0.0,1996-06-01,4.0,1.0,674,670,7179,40.0
67645650,20275, 36 months,16.5,718.33,D,10+ years,MORTGAGE,58000.0,Not Verified,car,25.55,1.0,2005-04-01,12.0,0.0,714,710,11454,37.0
40523358,10100, 60 months,13.3,231.52,C,4 years,MORTGAGE,47000.0,Not Verified,debt_consolidation,32.12,0.0,1998-12-01,16.0,0.0,729,725,24092,32.0
79310684,10000, 36 months,11.4,329.62,B,10+ years,MORTGAGE,50000.0,Not Verified,debt_consolidation,15.41,0.0,1995-09-01,10.0,0.0,714,710,8914,34.0
120650657,15000, 36 months,9.4,480.08,B,,OWN,80000.0,Not Verified,home_improvement,5.31,0.0,1998-10-01,11.0,1.0,674,670,16343,21.0
54394689,12800, 36 months,12.6,429.38,C,1 year,OWN,110000.0,Source Verified,other,22.28,0.0,2004-12-01,14.0,0.0,684,680,17362,42.0
74541660,21550, 36 months,7.3,669.26,A,8 years,MORTGAGE,70000.0,Source Verified,credit_card,11.42,5.0,1997-05-01,4.0,0.0,684,680,4716,69.0
107402176,10000, 36 months,16.0,351.67,C,< 1 year,OWN,48500.0,Source Verified,debt_consolidation,22.11,0.0,2003-09-01,34.0,0.0,704,700,22329,42.0
61412421,22225, 36 months,9.1,708.51,B,< 1 year,RENT,100000.0,Verified,credit_card,17.74,1.0,1977-12-01,11.0,1.0,689,685,4475,14.0
5794086,17375, 36 months,13.1,586.36,B,7 years,MORTGAGE,49000.0,Source Verified,home_improvement,11.76,0.0,2001-11-01,15.0,1.0,664,660,25477,58.0
68476082,20000, 60 months,15.7,483.93,D,6 years,RENT,57000.0,Verified,debt_consolidation,21.09,0.0,2001-06-01,7.0,0.0,684,680,19727,98.0
4225236,32000, 36 months,8.0,1016.11,A,10+ years,MORTGAGE,114000.0,Verified,debt_consolidation,27.36,0.0,1992-01-01,15.0,0.0,734,730,28133,44.0
47210878,30000, 36 months,11.5,989.71,B,10+ years,MORTGAGE,120000.0,Source Verified,debt_consolidation,30.39,0.0,1997-02-01,12.0,0.0,689,685,120097,87.0
85601764,8500, 36 months,11.4,280.26,B,4 years,OWN,44500.0,Verified,debt_consolidation,26.38,0.0,2007-07-01,15.0,0.0,694,690,8535,72.0
21840964,19450, 60 months,16.2,475.99,D,10+ years,RENT,69000.0,Not Verified,debt_consolidation,22.61,0.0,1995-07-01,15.0,0.0,704,700,28203,63.0
8774868,10625, 36 months,18.5,387.06,D,2 years,RENT,55000.0,Not Verified,debt_consolidation,15.19,0.0,2007-10-01,16.0,0.0,674,670,10809,67.0
42061339,10000, 36 months,6.3,305.99,A,3 years,RENT,151000.0,Not Verified,debt_consolidation,8.5,0.0,1986-09-01,6.0,0.0,724,720,8990,55.0
91278750,12000, 36 months,6.9,370.48,A,4 years,RENT,60000.0,Not Verified,debt_consolidation,8.26,0.0,1994-03-01,11.0,0.0,769,765,11483,19.0
16902640,15000, 36 months,7.6,467.91,A,,MORTGAGE,49860.0,Verified,credit_card,20.6,0.0,1985-08-01,8.0,0.0,749,745,25459,82.0
44896733,17000, 36 months,9.1,541.95,B,10+ years,MORTGAGE,127174.0,Not Verified,debt_consolidation,15.3,0.0,1994-07-01,12.0,0.0,704,700,14652,70.0
65653690,6000, 36 months,9.1,191.28,B,2 years,MORTGAGE,25000.0,Source Verified,credit_card,15.82,0.0,1977-09-01,8.0,1.0,704,700,3810,11.0
1219760,18000, 36 months,14.6,620.9,C,10+ years,RENT,103872.0,Not Verified,debt_consolidation,11.37,0.0,2000-02-01,14.0,0.0,699,695,28940,54.0
92371760,30000, 60 months,15.9,729.39,C,10+ years,RENT,128000.0,Verified,credit_card,7.25,0.0,1999-10-01,9.0,0.0,679,675,23001,87.0
135083625,11500, 60 months,17.4,288.72,D,10+ years,OWN,60000.0,Source Verified,debt_consolidation,17.88,0.0,2002-04-01,12.0,1.0,674,670,3605,23.0
31989377,12500, 36 months,6.0,380.45,A,2 years,MORTGAGE,56383.0,Not Verified,debt_consolidation,13.53,0.0,1998-10-01,12.0,0.0,739,735,0,0.0
20730803,21000, 36 months,7.1,649.58,A,10+ years,MORTGAGE,103000.0,Source Verified,debt_consolidation,18.36,0.0,1999-08-01,9.0,0.0,724,720,39972,81.0
67565884,7250, 36 months,13.6,246.63,C,10+ years,OWN,41000.0,Source Verified,debt_consolidation,28.69,3.0,1986-07-01,8.0,0.0,684,680,2231,57.0
92849621,24875, 60 months,13.4,572.25,C,6 years,MORTGAGE,431700.0,Not Verified,home_improvement,28.73,0.0,1993-12-01,16.0,0.0,774,770,4221,27.0
90127341,12000, 36 months,12.7,403.12,C,3 years,RENT,55000.0,Source Verified,debt_consolidation,15.62,1.0,2011-12-01,14.0,0.0,689,685,6827,22.0
60177278,6000, 36 months,9.1,191.28,B,10+ years,RENT,65873.0,Not Verified,other,31.01,0.0,2001-01-01,16.0,0.0,694,690,24264,62.0
9027473,25000, 36 months,14.0,858.09,C,10+ years,MORTGAGE,81000.0,Verified,debt_consolidation,15.11,0.0,2004-05-01,15.0,1.0,729,725,9832,36.0
1432453,16200, 60 months,7.0,327.71,A,3 years,MORTGAGE,100000.0,Verified,debt_consolidation,19.33,0.0,1989-11-01,13.0,0.0,809,805,23112,22.0
4556424,12600, 60 months,21.9,347.86,E,10+ years,RENT,55000.0,Verified,debt_consolidation,22.95,0.0,2003-11-01,16.0,0.0,689,685,10395,52.0
74632046,10000, 36 months,7.3,310.56,A,< 1 year,OWN,32000.0,Not Verified,debt_consolidation,27.94,0.0,1985-01-01,10.0,0.0,729,725,17221,54.0
22822663,25175, 36 months,14.6,868.4,C,9 years,MORTGAGE,56000.0,Verified,debt_consolidation,21.97,0.0,1998-01-01,9.0,0.0,689,685,8318,32.0
72124325,10000, 36 months,12.9,336.9,C,3 years,RENT,70000.0,Source Verified,credit_card,8.55,0.0,2005-06-01,11.0,0.0,669,665,9930,52.0
65675715,2000, 36 months,9.9,64.53,B,10+ years,OWN,77000.0,Source Verified,debt_consolidation,12.87,0.0,2002-07-01,8.0,0.0,684,680,16139,94.0
92370452,13000, 36 months,15.9,456.98,C,5 years,MORTGAGE,90000.0,Verified,credit_card,15.32,0.0,2008-07-01,17.0,0.0,674,670,21861,65.0
68473646,14000, 60 months,8.4,287.17,B,10+ years,MORTGAGE,68000.0,Not Verified,debt_consolidation,9.4,0.0,2004-07-01,8.0,0.0,764,760,20194,30.0
24735488,22000, 36 months,9.1,701.34,B,10+ years,RENT,61000.0,Source Verified,debt_consolidation,12.77,0.0,2003-10-01,8.0,0.0,704,700,22961,67.0
109414878,22500, 60 months,26.0,677.67,E,,MORTGAGE,45000.0,Not Verified,debt_consolidation,27.01,0.0,2001-12-01,14.0,1.0,674,670,13264,48.0
56020871,24000, 36 months,7.2,743.91,A,2 years,MORTGAGE,126000.0,Not Verified,credit_card,20.3,0.0,1993-06-01,13.0,0.0,694,690,28336,77.0
107306295,35000, 36 months,11.4,1153.17,B,10+ years,MORTGAGE,92000.0,Source Verified,debt_consolidation,14.54,2.0,1995-01-01,18.0,0.0,704,700,35395,60.0
54948198,12000, 60 months,17.5,301.93,D,5 years,MORTGAGE,40000.0,Not Verified,debt_consolidation,26.46,0.0,2002-09-01,15.0,0.0,664,660,7930,17.0
65975426,10000, 36 months,9.7,321.55,B,,RENT,28000.0,Not Verified,debt_consolidation,24.56,0.0,1997-02-01,14.0,0.0,794,790,2610,4.0
1438017,6000, 36 months,12.1,199.63,B,< 1 year,RENT,68000.0,Source Verified,debt_consolidation,7.19,0.0,2001-05-01,6.0,0.0,699,695,7308,66.0
61383527,12000, 36 months,11.5,395.89,B,< 1 year,RENT,50500.0,Not Verified,credit_card,13.95,0.0,2005-12-01,7.0,0.0,664,660,12003,76.0
64350305,15000, 36 months,9.1,478.19,B,10+ years,MORTGAGE,180000.0,Not Verified,credit_card,5.95,1.0,1982-07-01,13.0,3.0,664,660,18733,66.0
1361202,4750, 60 months,20.0,127.18,E,4 years,RENT,35640.0,Verified,debt_consolidation,22.46,0.0,1996-01-01,5.0,1.0,664,660,150,8.0
51166276,28000, 36 months,6.8,863.16,A,2 years,RENT,75000.0,Source Verified,debt_consolidation,17.76,0.0,1999-12-01,10.0,0.0,694,690,30405,70.0
55351573,2800, 36 months,12.6,93.93,C,10+ years,MORTGAGE,58000.0,Verified,vacation,26.19,0.0,1983-01-01,11.0,0.0,689,685,18346,71.0
32208324,8500, 36 months,15.6,297.21,D,10+ years,MORTGAGE,62000.0,Not Verified,debt_consolidation,18.41,0.0,2000-09-01,11.0,0.0,674,670,9603,70.0
99797856,25000, 36 months,15.9,878.81,C,3 years,MORTGAGE,70000.0,Source Verified,debt_consolidation,28.42,2.0,1999-11-01,10.0,0.0,679,675,12248,42.0
13126813,15000, 60 months,15.3,359.3,C,,MORTGAGE,80000.0,Source Verified,debt_consolidation,13.68,0.0,1982-02-01,9.0,1.0,704,700,11002,53.0
63155578,20000, 36 months,9.9,645.25,B,10+ years,MORTGAGE,140000.0,Source Verified,home_improvement,15.87,1.0,1995-02-01,18.0,0.0,674,670,26367,55.0
5944614,6400, 36 months,12.3,213.65,B,< 1 year,RENT,39000.0,Not Verified,credit_card,14.89,0.0,1998-12-01,6.0,1.0,664,660,5583,91.0
94596686,16000, 60 months,14.9,380.56,C,10+ years,RENT,56000.0,Source Verified,debt_consolidation,14.57,0.0,2001-01-01,5.0,0.0,704,700,14980,49.0
39520764,10000, 36 months,9.4,320.29,B,1 year,RENT,48000.0,Not Verified,debt_consolidation,8.95,3.0,1984-01-01,7.0,0.0,679,675,3047,44.0
65782514,7200, 36 months,11.4,237.4,B,1 year,RENT,45000.0,Verified,other,17.17,0.0,2006-09-01,10.0,0.0,699,695,6093,39.0
14700946,7000, 36 months,15.6,244.76,C,4 years,MORTGAGE,48000.0,Verified,debt_consolidation,16.48,0.0,2010-06-01,6.0,0.0,664,660,2615,64.0
10171728,4500, 36 months,14.4,154.83,C,10+ years,OWN,45000.0,Source Verified,debt_consolidation,24.96,0.0,1998-12-01,6.0,1.0,664,660,3641,52.0
7624858,12500, 36 months,12.9,421.12,B,10+ years,MORTGAGE,65000.0,Verified,credit_card,22.71,0.0,2001-11-01,9.0,0.0,694,690,15204,31.0
139113229,7000, 36 months,6.6,215.09,A,3 years,MORTGAGE,75000.0,Not Verified,home_improvement,6.85,0.0,2001-12-01,10.0,0.0,739,735,3354,7.0
7681346,28000, 60 months,17.0,697.38,C,< 1 year,MORTGAGE,125000.0,Source Verified,debt_consolidation,14.73,1.0,2003-03-01,9.0,0.0,689,685,27583,65.0
1551603,18000, 36 months,17.7,648.67,D,10+ years,RENT,50000.0,Not Verified,debt_consolidation,16.63,0.0,2003-08-01,10.0,0.0,674,670,20982,84.0
125962899,16000, 36 months,7.9,501.17,A,,OWN,79000.0,Verified,credit_card,30.72,0.0,2003-11-01,5.0,0.0,774,770,31706,64.0
73345497,6400, 36 months,9.7,205.76,B,1 year,OWN,105000.0,Source Verified,major_purchase,12.02,0.0,1995-07-01,14.0,0.0,674,670,8819,24.0
60266611,10000, 60 months,18.5,256.94,E,10+ years,MORTGAGE,65000.0,Verified,debt_consolidation,13.2,0.0,1992-12-01,6.0,0.0,684,680,11224,100.0
68354971,35000, 36 months,13.4,1186.72,C,2 years,MORTGAGE,112000.0,Verified,credit_card,18.97,0.0,2003-11-01,24.0,0.0,669,665,27802,58.0
65672898,10000, 60 months,10.9,217.38,B,< 1 year,MORTGAGE,94000.0,Not Verified,home_improvement,10.42,0.0,1996-09-01,7.0,2.0,699,695,3526,46.0
91300185,13200, 36 months,18.9,483.8,D,10+ years,MORTGAGE,30000.0,Verified,debt_consolidation,22.02,1.0,1999-01-01,17.0,0.0,699,695,4929,16.0
65037764,15000, 36 months,9.1,478.19,B,10+ years,MORTGAGE,152000.0,Source Verified,home_improvement,20.3,0.0,2001-04-01,12.0,0.0,709,705,18804,57.0
31888253,18475, 36 months,14.4,635.84,C,5 years,MORTGAGE,58000.0,Verified,debt_consolidation,14.44,1.0,2000-12-01,15.0,0.0,714,710,8577,31.0
65735728,3600, 36 months,12.5,120.59,C,< 1 year,MORTGAGE,44000.0,Verified,debt_consolidation,27.81,0.0,2007-08-01,9.0,0.0,694,690,6520,81.0
38497984,12000, 36 months,11.9,398.52,B,2 years,RENT,38000.0,Not Verified,debt_consolidation,25.43,0.0,2009-11-01,10.0,0.0,679,675,11542,84.0
35338437,18000, 60 months,12.3,403.96,C,10+ years,RENT,78000.0,Verified,credit_card,3.37,0.0,1999-01-01,6.0,1.0,674,670,9493,47.0
7720981,26200, 36 months,20.0,976.36,E,< 1 year,OWN,75000.0,Source Verified,home_improvement,15.31,0.0,2006-09-01,12.0,0.0,684,680,13737,63.0
124142441,35000, 60 months,22.9,984.86,E,8 years,MORTGAGE,120000.0,Source Verified,debt_consolidation,17.48,0.0,1995-03-01,14.0,0.0,709,705,27384,65.0
630368,25000, 36 months,14.8,864.56,D,2 years,RENT,47000.0,Verified,credit_card,14.45,0.0,2005-01-01,5.0,0.0,704,700,21098,76.0
94177548,20000, 36 months,12.7,671.38,C,10+ years,RENT,93000.0,Source Verified,debt_consolidation,17.11,0.0,2003-01-01,7.0,0.0,689,685,7337,92.0
77018261,10000, 36 months,7.8,312.86,A,5 years,RENT,53000.0,Verified,debt_consolidation,33.33,1.0,2001-11-01,11.0,0.0,724,720,7225,59.0
39409790,35000, 60 months,11.4,768.69,B,10+ years,RENT,100000.0,Verified,debt_consolidation,22.84,0.0,1990-04-01,24.0,0.0,789,785,32660,20.0
1171981,6000, 36 months,8.0,190.52,A,2 years,RENT,31200.0,Not Verified,medical,27.27,1.0,2001-09-01,8.0,0.0,724,720,15865,74.0
33340527,15550, 36 months,17.5,558.83,D,2 years,MORTGAGE,52000.0,Verified,debt_consolidation,17.01,4.0,2001-02-01,16.0,0.0,669,665,33174,96.0
9004834,11000, 36 months,10.9,360.08,B,4 years,RENT,42000.0,Not Verified,credit_card,18.2,0.0,2005-06-01,10.0,0.0,699,695,4410,46.0
131323557,8500, 36 months,11.9,282.25,B,6 years,MORTGAGE,71000.0,Source Verified,debt_consolidation,13.03,0.0,2007-01-01,7.0,0.0,674,670,7848,71.0
1550732,27150, 36 months,8.0,862.1,A,10+ years,MORTGAGE,85000.0,Verified,credit_card,20.75,0.0,1982-04-01,14.0,0.0,764,760,21007,21.0
102126955,6000, 36 months,10.4,194.99,B,4 years,MORTGAGE,90000.0,Not Verified,credit_card,25.04,0.0,1997-12-01,14.0,0.0,664,660,21338,59.0
73131725,34800, 60 months,10.7,752.31,B,10+ years,MORTGAGE,225000.0,Source Verified,credit_card,18.72,0.0,1984-11-01,16.0,0.0,709,705,147154,63.0
1136231,8000, 36 months,18.2,290.23,D,3 years,RENT,50000.0,Verified,debt_consolidation,12.53,1.0,2004-10-01,8.0,0.0,674,670,6138,97.0
1193410,24500, 60 months,19.9,648.97,E,2 years,RENT,91500.0,Verified,debt_consolidation,9.68,0.0,1998-12-01,11.0,0.0,694,690,15878,46.0
12255717,20325, 36 months,8.0,645.39,A,5 years,MORTGAGE,155000.0,Verified,credit_card,12.48,3.0,1986-01-01,17.0,0.0,674,670,37330,68.0
69874219,6400, 36 months,11.9,212.55,C,5 years,OWN,38000.0,Source Verified,home_improvement,9.85,0.0,1994-06-01,9.0,1.0,664,660,3516,32.0
46620119,11000, 60 months,17.8,278.5,D,,RENT,51000.0,Verified,debt_consolidation,6.31,1.0,1997-04-01,6.0,1.0,669,665,5656,53.0
61862309,16000, 36 months,15.6,559.44,D,10+ years,RENT,54000.0,Verified,debt_consolidation,22.82,0.0,1997-09-01,9.0,0.0,719,715,34382,78.0
65423726,10000, 36 months,8.1,314.2,B,3 years,RENT,45000.0,Source Verified,credit_card,26.56,0.0,1990-10-01,7.0,0.0,679,675,38578,95.0
57155402,12000, 60 months,13.3,275.07,C,< 1 year,RENT,75000.0,Not Verified,credit_card,8.96,0.0,2006-09-01,10.0,0.0,674,670,13233,76.0
61423964,1800, 36 months,16.9,64.17,D,4 years,OWN,30200.0,Verified,debt_consolidation,31.92,1.0,2000-03-01,11.0,3.0,704,700,3027,45.0
50003464,16000, 36 months,7.8,500.58,A,10+ years,MORTGAGE,65000.0,Source Verified,debt_consolidation,34.19,0.0,2000-08-01,21.0,0.0,724,720,13200,41.0
96627164,12000, 36 months,8.2,377.37,B,10+ years,MORTGAGE,50000.0,Not Verified,debt_consolidation,32.19,0.0,2005-01-01,8.0,1.0,714,710,13514,63.0
571260,3000, 36 months,11.4,98.92,B,10+ years,RENT,58800.0,Not Verified,debt_consolidation,9.22,0.0,1996-06-01,6.0,0.0,694,690,3996,64.0
118339150,20000, 36 months,20.0,743.28,D,10+ years,MORTGAGE,120000.0,Source Verified,debt_consolidation,21.21,1.0,1998-01-01,11.0,0.0,679,675,19900,73.0
3288467,15850, 36 months,18.7,579.0,D,2 years,RENT,36000.0,Source Verified,debt_consolidation,11.0,0.0,2003-08-01,6.0,0.0,674,670,12966,69.0
124065099,26200, 60 months,15.0,623.99,C,10+ years,MORTGAGE,100000.0,Verified,home_improvement,29.43,0.0,1999-12-01,9.0,0.0,729,725,20423,53.0
6094671,20000, 36 months,8.0,635.07,A,10+ years,RENT,110000.0,Source Verified,debt_consolidation,15.41,0.0,1972-05-01,14.0,0.0,719,715,22418,49.0
10694643,12375, 60 months,19.9,327.66,D,3 years,RENT,54000.0,Verified,debt_consolidation,21.44,0.0,2007-07-01,14.0,0.0,669,665,7255,71.0
72542863,9000, 36 months,13.6,306.16,C,2 years,RENT,60000.0,Source Verified,credit_card,5.42,0.0,2009-09-01,6.0,0.0,669,665,4135,63.0
72092312,20000, 60 months,10.7,432.36,B,10+ years,OWN,90000.0,Not Verified,debt_consolidation,1.35,0.0,1993-04-01,6.0,0.0,719,715,3713,14.0
4084616,16800, 60 months,15.0,406.77,C,2 years,RENT,51000.0,Verified,credit_card,19.08,0.0,2005-08-01,6.0,0.0,699,695,13587,71.0
5786527,5500, 36 months,15.2,191.26,C,1 year,RENT,20000.0,Not Verified,car,2.88,0.0,1987-10-01,5.0,0.0,709,705,2862,7.0
19067135,14350, 36 months,10.9,469.74,B,10+ years,MORTGAGE,32000.0,Not Verified,debt_consolidation,25.53,0.0,2000-05-01,18.0,0.0,729,725,15787,24.0
14398174,18000, 36 months,12.9,606.41,B,9 years,RENT,78000.0,Source Verified,credit_card,13.71,0.0,2005-07-01,14.0,0.0,714,710,13055,48.0
34362475,11000, 36 months,10.4,357.48,B,10+ years,RENT,75000.0,Not Verified,debt_consolidation,13.93,0.0,1988-04-01,5.0,0.0,684,680,17957,85.0
3539110,7125, 36 months,18.4,259.35,D,4 years,MORTGAGE,56000.0,Source Verified,other,23.74,0.0,2007-09-01,6.0,0.0,729,725,1615,50.0
34462290,8125, 36 months,8.1,255.33,A,4 years,RENT,42000.0,Source Verified,debt_consolidation,22.87,0.0,1999-02-01,14.0,0.0,689,685,11262,56.0
54177501,15000, 60 months,13.9,348.95,C,10+ years,RENT,62000.0,Verified,debt_consolidation,19.49,0.0,2005-04-01,9.0,0.0,719,715,4804,16.0
62499301,8400, 36 months,16.5,297.61,D,,MORTGAGE,60000.0,Not Verified,debt_consolidation,28.24,0.0,2005-02-01,10.0,0.0,694,690,4721,51.0
46694045,15000, 36 months,9.1,478.19,B,6 years,RENT,55000.0,Not Verified,credit_card,15.78,0.0,2005-11-01,11.0,0.0,699,695,12806,49.0
69484330,3500, 36 months,21.4,132.73,E,1 year,RENT,48000.0,Source Verified,other,19.18,0.0,2003-05-01,23.0,0.0,684,680,15474,78.0
104472357,1000, 36 months,7.4,31.11,A,2 years,RENT,35000.0,Verified,other,9.36,0.0,2010-08-01,11.0,0.0,779,775,248,1.0
43276176,27975, 60 months,20.4,748.82,E,10+ years,OWN,56000.0,Source Verified,debt_consolidation,35.11,1.0,1996-03-01,8.0,1.0,684,680,127,4.0
21421458,9000, 36 months,7.6,280.75,A,2 years,MORTGAGE,90000.0,Not Verified,debt_consolidation,10.54,0.0,1980-06-01,13.0,1.0,729,725,11108,38.0
17863640,18000, 60 months,12.9,409.47,C,3 years,RENT,60000.0,Source Verified,debt_consolidation,20.33,0.0,2004-03-01,6.0,0.0,694,690,9956,59.0
1227467,2500, 36 months,6.6,76.76,A,2 years,MORTGAGE,50000.0,Not Verified,home_improvement,18.15,0.0,1997-03-01,7.0,0.0,749,745,3085,44.0
119890136,29500, 60 months,24.8,863.28,E,6 years,OWN,114000.0,Verified,medical,11.61,0.0,2005-12-01,8.0,0.0,789,785,907,3.0
28432568,28000, 60 months,13.9,651.23,C,10+ years,MORTGAGE,100000.0,Source Verified,credit_card,21.61,0.0,2001-04-01,13.0,0.0,704,700,23906,88.0
572649,10000, 36 months,7.1,309.42,A,< 1 year,MORTGAGE,90000.0,Not Verified,major_purchase,7.55,0.0,1988-03-01,9.0,0.0,779,775,1902,14.0
95168789,18000, 36 months,11.4,593.49,B,2 years,RENT,70000.0,Source Verified,debt_consolidation,21.07,0.0,2002-06-01,15.0,1.0,684,680,12152,31.0
55971213,6450, 36 months,16.5,228.52,D,10+ years,RENT,43576.0,Source Verified,debt_consolidation,25.27,0.0,2002-10-01,10.0,0.0,664,660,4326,41.0
110346228,20000, 36 months,11.9,664.2,B,10+ years,RENT,50000.0,Verified,credit_card,24.03,0.0,2005-03-01,10.0,1.0,664,660,17420,74.0
115387351,20000, 36 months,7.3,620.75,A,10+ years,RENT,105000.0,Not Verified,debt_consolidation,22.24,2.0,2005-01-01,9.0,0.0,689,685,8633,73.0
41991420,16000, 36 months,6.9,493.45,A,10+ years,MORTGAGE,69000.0,Not Verified,home_improvement,18.26,0.0,1985-06-01,14.0,0.0,689,685,15010,73.0
64350803,10000, 36 months,14.3,343.39,C,,RENT,50701.32,Verified,other,2.49,0.0,2004-02-01,2.0,0.0,709,705,3075,96.0
60707061,16500, 60 months,12.6,372.82,C,10+ years,OWN,72000.0,Source Verified,debt_consolidation,33.75,0.0,1999-11-01,12.0,0.0,714,710,25431,83.0
74555983,28000, 36 months,7.3,869.57,A,2 years,OWN,175000.0,Source Verified,debt_consolidation,2.86,1.0,1998-10-01,24.0,0.0,689,685,23972,15.0
56001500,18200, 36 months,12.6,610.52,C,1 year,RENT,60000.0,Verified,debt_consolidation,25.5,1.0,2001-01-01,15.0,0.0,674,670,42864,99.0
66452001,35000, 60 months,18.4,898.13,E,2 years,MORTGAGE,100940.0,Source Verified,debt_consolidation,34.09,0.0,1997-08-01,11.0,0.0,719,715,107105,51.0
44653525,13000, 36 months,8.1,408.46,B,10+ years,MORTGAGE,66960.0,Source Verified,debt_consolidation,9.44,0.0,2002-04-01,22.0,0.0,689,685,12299,64.0
8915532,28000, 60 months,12.9,636.95,B,6 years,MORTGAGE,65000.0,Source Verified,credit_card,19.87,0.0,1983-08-01,16.0,0.0,724,720,28850,58.0
50303318,14000, 36 months,11.5,461.87,B,10+ years,MORTGAGE,80000.0,Verified,debt_consolidation,4.73,0.0,2002-12-01,7.0,0.0,699,695,9036,36.0
8654685,35000, 36 months,9.6,1123.94,B,10+ years,RENT,90000.0,Verified,debt_consolidation,25.77,0.0,1993-03-01,10.0,0.0,739,735,24933,44.0
59433032,16000, 36 months,9.1,510.07,B,10+ years,OWN,75000.0,Source Verified,credit_card,15.2,0.0,1994-01-01,17.0,1.0,679,675,19072,54.0
8534848,10000, 60 months,10.9,217.38,B,10+ years,OWN,60000.0,Source Verified,credit_card,18.0,0.0,1991-03-01,21.0,0.0,729,725,10379,30.0
807326,2400, 36 months,11.4,79.14,B,6 years,RENT,60000.0,Not Verified,debt_consolidation,5.74,0.0,2000-05-01,5.0,1.0,679,675,2462,21.0
6395987,5150, 36 months,6.0,156.75,A,8 years,MORTGAGE,57300.0,Not Verified,debt_consolidation,15.5,0.0,1983-07-01,10.0,0.0,714,710,6375,36.0
66511225,11500, 36 months,11.9,381.91,C,2 years,RENT,64000.0,Verified,credit_card,11.23,0.0,2009-04-01,5.0,0.0,694,690,10863,97.0
41299579,18200, 36 months,7.8,569.4,A,2 years,MORTGAGE,60000.0,Not Verified,debt_consolidation,24.09,1.0,1999-08-01,15.0,0.0,694,690,17032,51.0
68634283,11000, 36 months,10.7,358.99,B,8 years,MORTGAGE,35000.0,Not Verified,debt_consolidation,16.98,0.0,2000-04-01,9.0,0.0,714,710,5581,38.0
87033345,16500, 60 months,19.9,437.06,D,10+ years,RENT,33000.0,Source Verified,debt_consolidation,7.85,0.0,1999-08-01,7.0,1.0,729,725,5479,24.0
673216,11500, 36 months,9.6,369.08,B,4 years,MORTGAGE,71738.0,Verified,home_improvement,15.89,0.0,2001-09-01,14.0,0.0,729,725,3009,19.0
40227718,14400, 36 months,8.6,455.71,B,10+ years,MORTGAGE,67000.0,Not Verified,home_improvement,16.73,0.0,1993-10-01,17.0,0.0,714,710,46780,46.0
34953304,7200, 36 months,12.3,240.49,C,3 years,RENT,30000.0,Verified,credit_card,19.0,0.0,2003-11-01,16.0,0.0,699,695,7799,96.0
125621609,10000, 36 months,19.0,366.72,D,,OWN,50000.0,Source Verified,debt_consolidation,26.4,0.0,1989-09-01,10.0,0.0,699,695,18555,73.0
5776729,14550, 36 months,10.1,470.59,B,2 years,RENT,55000.0,Not Verified,debt_consolidation,12.83,0.0,1985-09-01,10.0,0.0,704,700,19776,50.0
110779892,4000, 36 months,13.5,135.92,C,< 1 year,RENT,23000.0,Source Verified,debt_consolidation,4.91,0.0,2011-11-01,11.0,0.0,669,665,2447,15.0
76091269,14000, 60 months,13.6,323.37,C,10+ years,RENT,70000.0,Verified,moving,23.68,1.0,2001-07-01,8.0,0.0,709,705,11534,53.0
78983311,12000, 60 months,19.9,317.86,D,3 years,RENT,40000.0,Verified,debt_consolidation,31.41,0.0,2008-10-01,13.0,0.0,694,690,45217,92.0
75300692,12000, 36 months,5.3,361.38,A,10+ years,OWN,65000.0,Not Verified,debt_consolidation,15.5,0.0,1999-07-01,10.0,0.0,784,780,19596,23.0
67849459,7000, 36 months,11.9,232.47,C,8 years,RENT,51000.0,Not Verified,credit_card,3.39,0.0,2004-03-01,22.0,3.0,664,660,4614,65.0
5956022,12000, 36 months,13.6,408.27,C,7 years,MORTGAGE,115000.0,Verified,small_business,21.57,0.0,1998-09-01,17.0,0.0,709,705,9286,54.0
473657,7500, 36 months,11.3,246.84,B,10+ years,RENT,36000.0,Not Verified,other,18.87,0.0,1997-07-01,12.0,0.0,699,695,14225,53.0
68438999,18000, 36 months,5.3,542.07,A,,MORTGAGE,50000.0,Verified,credit_card,7.08,0.0,1986-10-01,11.0,0.0,799,795,10182,9.0
65833256,11900, 36 months,16.9,424.21,D,10+ years,OWN,35000.0,Verified,debt_consolidation,31.79,0.0,2002-11-01,6.0,1.0,689,685,2946,98.0
75370433,9450, 36 months,22.4,363.11,E,7 years,MORTGAGE,30000.0,Source Verified,debt_consolidation,23.04,0.0,2010-05-01,8.0,1.0,664,660,13982,74.0
10414689,12000, 60 months,14.4,282.16,C,10+ years,MORTGAGE,70000.0,Source Verified,debt_consolidation,12.38,1.0,1995-02-01,6.0,0.0,689,685,16874,39.0
25968265,31200, 60 months,12.4,701.78,B,10+ years,MORTGAGE,95000.0,Verified,debt_consolidation,17.6,0.0,2000-01-01,12.0,0.0,734,730,37998,66.0
126340011,10000, 36 months,6.7,307.5,A,,OWN,20000.0,Not Verified,debt_consolidation,32.77,0.0,1989-03-01,9.0,0.0,789,785,7521,16.0
72662942,10550, 60 months,15.3,252.71,C,10+ years,MORTGAGE,58717.0,Verified,major_purchase,15.98,6.0,2005-01-01,10.0,0.0,674,670,7657,38.0
39751373,12000, 36 months,15.5,419.46,D,4 years,MORTGAGE,40019.0,Verified,debt_consolidation,6.21,0.0,2002-12-01,12.0,1.0,674,670,1000,9.0
1060720,13200, 36 months,11.7,436.61,B,2 years,MORTGAGE,41600.0,Not Verified,debt_consolidation,9.55,0.0,2001-11-01,10.0,0.0,699,695,10086,77.0
7720143,10000, 36 months,8.0,316.14,A,10+ years,MORTGAGE,84000.0,Verified,debt_consolidation,23.54,0.0,1992-12-01,8.0,0.0,724,720,35631,69.0
102175516,6000, 36 months,11.4,197.69,B,10+ years,MORTGAGE,85000.0,Source Verified,debt_consolidation,12.31,0.0,2004-07-01,12.0,1.0,699,695,8424,17.0
69512598,9000, 36 months,10.7,293.72,B,2 years,MORTGAGE,55000.0,Verified,credit_card,20.19,0.0,2004-11-01,15.0,0.0,724,720,8666,16.0
12356698,1500, 36 months,23.4,58.41,F,10+ years,MORTGAGE,97000.0,Not Verified,other,22.73,3.0,2002-06-01,12.0,0.0,674,670,12793,60.0
1153869,15000, 36 months,7.0,469.36,A,10+ years,MORTGAGE,75000.0,Not Verified,debt_consolidation,4.5,0.0,1999-06-01,3.0,0.0,779,775,11821,46.0
71886072,25000, 36 months,16.2,882.51,D,< 1 year,MORTGAGE,160000.0,Verified,debt_consolidation,3.3,0.0,2004-06-01,4.0,5.0,679,675,16120,79.0
55555620,10000, 60 months,15.6,241.12,D,,RENT,42000.0,Source Verified,small_business,19.31,0.0,1975-04-01,7.0,5.0,664,660,7587,43.0
63387168,35000, 60 months,9.1,729.44,B,8 years,OWN,250000.0,Source Verified,credit_card,11.99,0.0,1984-07-01,15.0,0.0,744,740,93848,62.0
8590558,14400, 36 months,11.9,478.22,B,10+ years,MORTGAGE,90000.0,Not Verified,debt_consolidation,15.22,1.0,1994-02-01,13.0,0.0,679,675,8530,82.0
12886308,4500, 36 months,9.6,144.51,B,10+ years,RENT,37000.0,Source Verified,debt_consolidation,19.56,0.0,1971-06-01,7.0,2.0,719,715,1683,34.0
1374880,21250, 60 months,22.4,592.36,F,10+ years,MORTGAGE,64398.0,Verified,debt_consolidation,14.76,0.0,2003-03-01,8.0,0.0,674,670,16907,91.0
16141073,4000, 36 months,10.9,130.94,B,10+ years,MORTGAGE,88000.0,Source Verified,credit_card,12.49,0.0,1980-10-01,12.0,0.0,729,725,33288,68.0
87254639,9500, 36 months,13.9,324.65,C,< 1 year,OWN,42000.0,Verified,debt_consolidation,13.26,0.0,2005-12-01,17.0,0.0,664,660,13300,49.0
94020128,25000, 60 months,15.9,607.82,C,2 years,RENT,87050.0,Source Verified,debt_consolidation,20.49,0.0,1995-09-01,11.0,0.0,759,755,15193,36.0
114784931,25000, 36 months,14.0,855.42,C,5 years,MORTGAGE,95000.0,Verified,home_improvement,27.39,0.0,2010-04-01,11.0,0.0,694,690,12478,42.0
23103097,24000, 60 months,10.1,511.71,B,8 years,RENT,90000.0,Source Verified,credit_card,20.95,0.0,2001-02-01,16.0,0.0,709,705,21328,41.0
50263283,28000, 36 months,7.8,876.0,A,6 years,MORTGAGE,150000.0,Not Verified,debt_consolidation,10.41,0.0,1999-12-01,20.0,0.0,709,705,30202,26.0
99257071,10000, 36 months,11.4,329.48,B,4 years,RENT,190000.0,Not Verified,debt_consolidation,12.09,0.0,2001-11-01,8.0,1.0,699,695,10515,71.0
62684653,30000, 36 months,7.8,938.57,A,9 years,MORTGAGE,115000.0,Verified,debt_consolidation,21.21,0.0,2002-05-01,16.0,0.0,704,700,59806,63.0
90305782,20000, 36 months,12.7,671.86,C,3 years,MORTGAGE,103000.0,Not Verified,credit_card,24.15,0.0,1998-09-01,16.0,0.0,749,745,23818,57.0
10616246,20000, 36 months,12.9,673.79,B,7 years,RENT,140000.0,Not Verified,debt_consolidation,21.18,0.0,1993-11-01,18.0,0.0,664,660,18559,48.0
111529589,6000, 36 months,9.9,193.41,B,< 1 year,RENT,50000.0,Source Verified,debt_consolidation,9.82,0.0,2004-05-01,11.0,1.0,679,675,1653,12.0
1061304,15000, 36 months,18.6,547.12,E,1 year,RENT,54000.0,Not Verified,debt_consolidation,19.69,0.0,2006-08-01,9.0,0.0,664,660,15183,90.0
54483969,5000, 36 months,10.9,163.67,B,10+ years,MORTGAGE,180000.0,Verified,debt_consolidation,15.01,0.0,1994-02-01,15.0,0.0,699,695,25263,59.0
75922754,25000, 36 months,6.4,766.12,A,3 years,MORTGAGE,113200.0,Source Verified,home_improvement,8.98,0.0,2003-07-01,14.0,0.0,699,695,9357,56.0
58633606,3600, 36 months,15.6,125.88,D,10+ years,MORTGAGE,68000.0,Verified,vacation,30.93,0.0,1977-09-01,13.0,1.0,669,665,15558,54.0
63345132,25200, 60 months,16.5,620.21,D,,MORTGAGE,93000.0,Verified,debt_consolidation,33.55,0.0,1969-09-01,21.0,0.0,729,725,13529,38.0
116677283,35000, 60 months,13.5,806.97,C,2 years,MORTGAGE,160000.0,Source Verified,credit_card,21.36,1.0,1997-04-01,30.0,0.0,689,685,27809,46.0
40432754,8000, 36 months,13.6,272.11,C,,MORTGAGE,60000.0,Verified,debt_consolidation,27.02,0.0,2000-11-01,13.0,1.0,709,705,15495,47.0
62255730,18000, 60 months,8.1,366.53,B,10+ years,MORTGAGE,107000.0,Not Verified,debt_consolidation,20.37,0.0,1997-03-01,14.0,0.0,799,795,7144,13.0
106807050,20000, 36 months,10.4,649.96,B,7 years,RENT,85000.0,Not Verified,debt_consolidation,29.87,1.0,2001-10-01,16.0,1.0,729,725,7678,28.0
573186,14000, 60 months,16.3,342.84,D,4 years,RENT,52000.0,Source Verified,debt_consolidation,16.38,0.0,1995-02-01,10.0,0.0,689,685,10366,80.0
80578305,7500, 36 months,5.3,225.87,A,1 year,MORTGAGE,47600.0,Not Verified,credit_card,27.0,0.0,2006-08-01,7.0,0.0,754,750,9121,37.0
115012524,25000, 36 months,9.4,800.13,B,< 1 year,MORTGAGE,90000.0,Verified,debt_consolidation,33.49,0.0,2002-03-01,17.0,1.0,714,710,19835,55.0
70773479,10000, 36 months,9.7,321.5,B,< 1 year,RENT,100000.0,Source Verified,credit_card,17.38,1.0,2006-03-01,8.0,0.0,699,695,4502,23.0
40462135,8000, 36 months,9.4,256.23,B,< 1 year,OWN,28000.0,Not Verified,debt_consolidation,8.83,0.0,2001-08-01,6.0,0.0,684,680,6852,50.0
21129837,10000, 36 months,9.1,318.79,B,< 1 year,MORTGAGE,50000.0,Source Verified,debt_consolidation,21.08,0.0,2001-11-01,10.0,0.0,729,725,10135,52.0
91434360,10000, 60 months,11.4,219.63,B,9 years,MORTGAGE,110000.0,Not Verified,debt_consolidation,19.11,0.0,1991-08-01,20.0,0.0,789,785,5600,12.0
6789622,20000, 60 months,15.2,478.12,C,2 years,RENT,60000.0,Verified,small_business,21.44,2.0,1999-05-01,7.0,0.0,724,720,104,0.0
111490214,5000, 36 months,10.9,163.49,B,4 years,RENT,130000.0,Verified,debt_consolidation,1.5,3.0,1997-08-01,7.0,2.0,669,665,3648,17.0
92842089,7800, 36 months,5.3,234.9,A,10+ years,MORTGAGE,65000.0,Not Verified,debt_consolidation,18.3,0.0,2005-06-01,12.0,0.0,734,730,11657,38.0
31497639,18000, 36 months,13.3,609.54,C,3 years,MORTGAGE,85000.0,Source Verified,debt_consolidation,21.36,0.0,2004-06-01,12.0,0.0,679,675,24388,52.0
4795871,8500, 36 months,15.0,298.0,C,2 years,MORTGAGE,150000.0,Source Verified,home_improvement,4.79,0.0,1998-06-01,9.0,1.0,669,665,6481,38.0
60035147,28000, 36 months,13.9,956.84,C,10+ years,RENT,109000.0,Not Verified,debt_consolidation,20.22,0.0,2001-01-01,5.0,0.0,664,660,31725,99.0
96500283,12000, 36 months,14.9,415.93,C,10+ years,RENT,117000.0,Verified,debt_consolidation,22.5,0.0,1999-09-01,8.0,2.0,699,695,19146,57.0
111671508,10000, 36 months,11.9,332.1,B,4 years,RENT,58000.0,Source Verified,credit_card,17.5,2.0,2009-08-01,10.0,0.0,674,670,6842,37.0
96546914,20000, 36 months,13.9,683.46,C,10+ years,OWN,66000.0,Not Verified,debt_consolidation,24.16,0.0,1998-09-01,8.0,1.0,679,675,4479,28.0
68338296,10800, 36 months,13.9,369.07,C,< 1 year,RENT,40500.0,Verified,credit_card,28.5,0.0,2003-06-01,9.0,0.0,689,685,15267,61.0
65737150,25000, 36 months,13.1,844.52,C,1 year,RENT,55000.0,Source Verified,debt_consolidation,10.6,1.0,1993-07-01,3.0,0.0,664,660,11546,79.0
46426441,25000, 60 months,13.9,581.58,C,< 1 year,MORTGAGE,150000.0,Source Verified,debt_consolidation,22.28,1.0,1986-11-01,15.0,0.0,699,695,23075,73.0
48566022,4000, 36 months,9.9,129.05,B,10+ years,MORTGAGE,60560.0,Not Verified,debt_consolidation,30.54,3.0,1984-10-01,15.0,0.0,729,725,20700,77.0
23303318,23825, 36 months,6.0,725.13,A,2 years,RENT,52000.0,Source Verified,debt_consolidation,12.51,0.0,2007-09-01,10.0,0.0,749,745,10744,18.0
1100291,11000, 36 months,6.6,337.75,A,< 1 year,RENT,44000.0,Source Verified,debt_consolidation,19.5,0.0,2002-05-01,10.0,0.0,744,740,2974,18.0
88047839,32075, 36 months,13.9,1096.1,C,8 years,OWN,113000.0,Verified,debt_consolidation,10.49,0.0,2005-02-01,21.0,0.0,684,680,13266,51.0
63494974,15000, 36 months,10.9,491.01,B,2 years,MORTGAGE,100000.0,Not Verified,debt_consolidation,8.48,0.0,2001-01-01,15.0,0.0,719,715,39214,40.0
96452555,1500, 36 months,17.9,54.23,D,3 years,OWN,31200.0,Source Verified,debt_consolidation,34.96,0.0,2010-11-01,20.0,1.0,699,695,2460,10.0
41409853,10300, 36 months,21.6,391.61,E,2 years,MORTGAGE,34500.0,Verified,other,24.07,0.0,1995-05-01,9.0,0.0,684,680,15027,46.0
94253255,15000, 60 months,19.9,397.33,D,7 years,RENT,82000.0,Verified,credit_card,24.95,0.0,2002-07-01,18.0,1.0,664,660,8638,49.0
46812423,9600, 36 months,6.6,295.02,A,4 years,MORTGAGE,69000.0,Not Verified,debt_consolidation,4.64,2.0,2008-05-01,11.0,0.0,664,660,5278,33.0
73272930,5075, 36 months,10.7,165.55,B,< 1 year,MORTGAGE,114000.0,Source Verified,credit_card,25.91,0.0,1988-09-01,16.0,0.0,719,715,15521,59.0
59089815,24750, 36 months,11.5,816.51,B,10+ years,MORTGAGE,70000.0,Verified,debt_consolidation,28.99,1.0,1997-07-01,11.0,0.0,689,685,49441,80.0
126789387,15000, 36 months,14.0,513.25,C,3 years,RENT,90000.0,Not Verified,credit_card,12.07,0.0,2006-07-01,8.0,0.0,709,705,16399,47.0
63958390,22000, 36 months,9.1,701.34,B,< 1 year,OWN,120000.0,Verified,credit_card,5.0,0.0,2004-07-01,7.0,1.0,674,670,18310,93.0
5605805,11200, 36 months,14.0,383.28,B,1 year,RENT,45000.0,Source Verified,debt_consolidation,15.13,0.0,2004-09-01,14.0,0.0,679,675,12983,86.0
64822915,12000, 36 months,7.8,375.43,A,6 years,MORTGAGE,45000.0,Not Verified,debt_consolidation,26.91,0.0,1995-07-01,13.0,0.0,724,720,19053,38.0
39569300,20000, 36 months,9.4,640.57,B,10+ years,MORTGAGE,156000.0,Verified,debt_consolidation,19.65,1.0,1986-12-01,12.0,0.0,674,670,20561,78.0
105670663,25000, 36 months,8.2,786.19,B,< 1 year,RENT,70360.0,Source Verified,debt_consolidation,17.65,0.0,2002-01-01,9.0,0.0,714,710,22680,51.0
58290547,25000, 36 months,11.5,824.76,B,10+ years,MORTGAGE,72000.0,Source Verified,debt_consolidation,11.21,1.0,1995-08-01,10.0,0.0,669,665,23109,44.0
46378184,35000, 36 months,7.8,1095.0,A,2 years,MORTGAGE,192000.0,Source Verified,debt_consolidation,15.54,0.0,1996-10-01,14.0,0.0,739,735,24082,43.0
26198971,3400, 36 months,18.2,123.33,D,7 years,RENT,14500.0,Not Verified,debt_consolidation,31.13,0.0,2006-04-01,9.0,0.0,674,670,9037,79.0
77595155,5800, 36 months,6.4,177.74,A,,OWN,62000.0,Not Verified,debt_consolidation,24.93,0.0,1989-04-01,21.0,0.0,789,785,2838,6.0
3695688,16000, 36 months,16.2,564.81,C,2 years,RENT,65000.0,Not Verified,debt_consolidation,20.51,1.0,2001-07-01,11.0,0.0,689,685,12649,43.0
72213125,10000, 36 months,11.9,332.1,C,10+ years,MORTGAGE,45000.0,Verified,credit_card,39.36,0.0,1986-10-01,15.0,0.0,669,665,18647,82.0
61403353,18000, 36 months,5.3,542.07,A,10+ years,MORTGAGE,150000.0,Not Verified,debt_consolidation,20.52,0.0,1994-09-01,8.0,0.0,799,795,17631,19.0
33160556,29500, 36 months,8.3,929.74,A,10+ years,MORTGAGE,94468.0,Verified,debt_consolidation,19.75,0.0,1999-01-01,9.0,0.0,819,815,1703,3.0
93738365,2600, 36 months,24.7,103.02,E,< 1 year,RENT,10000.0,Verified,moving,24.97,1.0,2010-08-01,17.0,0.0,669,665,5535,25.0
6854854,10750, 36 months,13.6,365.75,C,,MORTGAGE,31904.0,Verified,credit_card,23.66,0.0,1995-12-01,12.0,1.0,679,675,21528,70.0
7625387,7000, 36 months,12.9,235.83,B,4 years,RENT,38500.0,Not Verified,debt_consolidation,17.67,0.0,2002-07-01,9.0,1.0,669,665,6018,64.0
6327128,9000, 36 months,12.3,300.44,B,10+ years,MORTGAGE,36000.0,Verified,debt_consolidation,26.5,1.0,2001-01-01,9.0,0.0,679,675,7905,60.0
1259756,10000, 60 months,18.5,256.94,D,10+ years,MORTGAGE,69000.0,Verified,home_improvement,7.04,0.0,2005-02-01,5.0,0.0,684,680,15585,71.0
87084809,16000, 36 months,11.4,527.55,B,10+ years,MORTGAGE,90000.0,Not Verified,major_purchase,10.77,0.0,1999-02-01,7.0,0.0,684,680,14871,73.0
83173168,3600, 36 months,14.4,123.9,C,3 years,MORTGAGE,31500.0,Source Verified,debt_consolidation,1.75,0.0,2005-12-01,4.0,0.0,709,705,1847,38.0
46294471,6000, 36 months,9.1,191.28,B,2 years,RENT,84000.0,Not Verified,debt_consolidation,11.73,1.0,2003-12-01,11.0,0.0,679,675,10394,53.0
55238871,2000, 36 months,9.1,63.76,B,10+ years,MORTGAGE,72000.0,Not Verified,car,14.07,0.0,2000-09-01,7.0,1.0,664,660,561,51.0
52576479,11650, 60 months,17.5,293.12,D,10+ years,RENT,55000.0,Verified,credit_card,30.96,0.0,2005-01-01,14.0,0.0,699,695,15357,44.0
52819216,20000, 36 months,12.6,670.9,C,1 year,MORTGAGE,62500.0,Verified,debt_consolidation,11.57,4.0,1997-02-01,11.0,0.0,664,660,24323,94.0
85218625,7200, 36 months,11.4,237.4,B,2 years,RENT,35000.0,Source Verified,debt_consolidation,15.12,0.0,2012-04-01,7.0,0.0,699,695,8453,57.0
46536610,2400, 36 months,13.3,81.25,C,< 1 year,RENT,30000.0,Source Verified,other,8.12,0.0,2001-09-01,5.0,0.0,709,705,4572,31.0
2092950,10000, 36 months,13.1,337.47,B,4 years,MORTGAGE,52000.0,Verified,debt_consolidation,27.88,0.0,2006-06-01,9.0,0.0,704,700,4278,31.0
39279715,26125, 36 months,13.6,888.59,C,4 years,MORTGAGE,52439.0,Verified,home_improvement,15.91,1.0,1980-02-01,6.0,0.0,704,700,15426,51.0
24675392,7000, 36 months,9.1,223.16,B,9 years,OWN,49000.0,Not Verified,debt_consolidation,20.3,0.0,1995-11-01,11.0,0.0,779,775,5180,26.0
969679,15000, 60 months,12.4,336.86,B,9 years,MORTGAGE,113000.0,Source Verified,debt_consolidation,19.09,0.0,1992-12-01,11.0,0.0,764,760,1342,8.0
